403.33542,2.275724211464E-4
403.62625,1.86638623766748E-4
403.91708,1.51065204615383E-4
404.20789,2.04668986898261E-4
404.49872,1.30110998813894E-4
404.78952,1.10618714347393E-4
405.08035,5.36037822828779E-5
405.37115,1.47166747722083E-4
405.66196,5.40910893945404E-5
405.95279,0
406.24359,9.59995009975176E-5
406.53439,6.96849169677412E-5
406.82523,8.04056734243168E-5
407.11603,4.10312588019847E-4
407.40683,1.76405174421834E-4
407.69763,1.27674463255582E-4
407.98843,1.10131407235731E-4
408.27924,1.22801392138957E-4
408.57007,8.72279729875922E-5
408.86087,6.09133889578158E-5
409.15167,6.91976098560787E-5
409.44247,1.4278098371712E-4
409.73325,7.65072165310166E-5
410.02405,1.28161770367244E-4
410.31485,1.05745643230768E-4
410.60565,9.94106507791553E-5
410.89645,6.87103027444162E-5
411.18726,1.57887504178658E-4
411.47806,1.08182178789081E-4
411.76883,7.06595311910663E-5
412.05963,1.41319062382133E-4
412.35043,6.82229956327537E-5
412.6412,1.05745643230768E-4
412.93201,9.59995009975176E-5
413.22278,1.03796414784118E-4
413.51358,1.18415628133994E-4
413.80435,7.69945236426791E-5
414.09515,1.42293676605458E-4
414.38593,1.21826777915632E-4
414.67673,1.16466399687344E-4
414.9675,9.94106507791553E-5
415.25827,9.94106507791553E-5
415.54907,6.91976098560787E-5
415.83984,9.21010441042174E-5
416.13062,9.258835121588E-5
416.42139,9.84360365558303E-5
416.71219,1.33522148595532E-4
417.00296,1.0233449344913E-4
417.29373,9.258835121588E-5
417.5845,7.30960667493789E-5
417.87527,4.77560969429276E-5
418.16605,9.50248867741926E-5
418.45682,8.04056734243168E-5
418.74759,1.40344448158808E-4
419.03836,9.69741152208427E-5
419.32913,7.60199094193541E-5
419.61987,1.33522148595532E-4
419.91064,6.96849169677412E-5
420.20142,1.11593328570718E-4
420.49219,8.52787445409421E-5
420.78293,1.26212541920594E-4
421.0737,1.09156793012406E-4
421.36447,9.64868081091802E-5
421.65521,4.58068684962775E-5
421.94598,5.06799396129027E-5
422.23672,1.01359879225805E-4
422.5275,7.79691378660042E-5
422.81824,1.30598305925557E-4
423.10901,1.51552511727046E-4
423.39975,1.86151316655085E-4
423.69052,1.09644100124068E-4
423.98126,1.24263313473944E-4
424.272,7.94310592009918E-5
424.56274,9.94106507791553E-5
424.85352,7.30960667493789E-5
425.14426,7.30960667493789E-5
425.435,4.67814827196025E-5
425.72574,8.52787445409421E-5
426.01648,4.77560969429276E-5
426.30722,8.28422089826294E-5
426.59796,1.01847186337468E-4
426.8887,9.11264298808924E-5
427.17944,5.6527624952853E-5
427.47018,1.04283721895781E-4
427.76093,8.23549018709669E-5
428.05167,9.3562965439205E-5
428.34241,9.258835121588E-5
428.63312,6.67610742977661E-5
428.92386,7.79691378660042E-5
429.2146,4.7268789831265E-5
429.50531,7.4070680972704E-5
429.79605,1.00872572114143E-4
430.08679,7.5045295196029E-5
430.3775,1.11106021459056E-4
430.66824,8.08929805359793E-5
430.95895,1.70557489081884E-5
431.24969,1.10131407235731E-4
431.54041,9.40502725508675E-5
431.83112,1.02821800560793E-4
432.12186,1.15979092575681E-4
432.41257,8.3329516094292E-5
432.70328,1.27187156143919E-4
432.99402,7.45579880843665E-5
433.28473,6.67610742977661E-5
433.57544,5.16545538362278E-5
433.86615,8.57660516526046E-5
434.15686,9.98979578908179E-5
434.44757,5.21418609478903E-5
434.73828,5.99387747344907E-5
435.02899,6.67610742977661E-5
435.3197,7.5045295196029E-5
435.61041,6.33499245161284E-5
435.90112,5.89641605111657E-5
436.19183,5.84768533995031E-5
436.48251,8.62533587642671E-5
436.77322,1.15004478352356E-4
437.06393,6.43245387394535E-5
437.35464,8.77152800992547E-5
437.64532,1.31572920148882E-4
437.93604,9.94106507791553E-5
438.22672,1.66659032188584E-4
438.51743,7.5045295196029E-5
438.80811,8.3329516094292E-5
439.09882,8.47914374292795E-5
439.3895,1.68120953523572E-4
439.68021,9.64868081091802E-5
439.97089,6.5786460074441E-5
440.26157,5.75022391761781E-5
440.55225,9.21010441042174E-5
440.84296,2.82638124764265E-5
441.13364,7.65072165310166E-5
441.42432,4.43449471612899E-5
441.715,7.16341454143913E-5
442.00568,5.5553010729528E-5
442.29636,9.64868081091802E-5
442.58704,4.92180182779151E-5
442.87772,8.62533587642671E-5
443.1684,7.35833738610414E-5
443.45908,6.91976098560787E-5
443.74976,9.11264298808924E-5
444.04044,7.06595311910663E-5
444.33109,9.89233436674928E-5
444.62177,1.3108561303722E-4
444.91245,1.3888252682382E-4
445.20309,1.09156793012406E-4
445.49377,7.79691378660042E-5
445.78445,5.99387747344907E-5
446.0751,9.40502725508675E-5
446.36578,1.10131407235731E-4
446.65643,5.79895462878406E-5
446.94708,6.5786460074441E-5
447.23776,7.79691378660042E-5
447.52841,7.60199094193541E-5
447.81906,1.12567942794044E-4
448.10974,8.96645085459048E-5
448.40039,9.55121938858551E-5
448.69104,8.28422089826294E-5
448.98169,1.18415628133994E-4
449.27234,7.99183663126543E-5
449.56299,5.70149320645156E-5
449.85364,1.0038526500248E-4
450.14429,1.99795915781636E-4
450.43494,9.59995009975176E-5
450.72559,9.74614223325052E-5
451.01624,6.5786460074441E-5
451.30688,9.30756583275425E-5
451.59753,8.04056734243168E-5
451.88815,9.45375796625301E-5
452.1788,8.86898943225798E-5
452.46945,7.65072165310166E-5
452.76007,6.96849169677412E-5
453.05072,9.11264298808924E-5
453.34137,5.94514676228282E-5
453.63199,1.30110998813894E-4
453.92264,1.03309107672456E-4
454.21326,9.30756583275425E-5
454.50388,5.40910893945404E-5
454.79453,8.23549018709669E-5
455.08514,5.45783965062029E-5
455.37576,6.43245387394535E-5
455.66638,1.16466399687344E-4
455.95703,6.77356885210911E-5
456.24765,6.43245387394535E-5
456.53827,1.14029864129031E-4
456.82889,7.30960667493789E-5
457.11951,8.67406658759297E-5
457.41013,8.08929805359793E-5
457.70074,7.60199094193541E-5
457.99136,8.52787445409421E-5
458.28195,1.01847186337468E-4
458.57257,1.59836732625309E-4
458.86319,1.07694871677418E-4
459.15381,1.05258336119106E-4
459.4444,1.90537080660048E-4
459.73502,9.40502725508675E-5
460.02563,7.79691378660042E-5
460.31622,5.31164751712153E-5
460.60684,9.50248867741926E-5
460.89743,1.06232950342431E-4
461.18805,7.55326023076916E-5
461.47864,7.11468383027288E-5
461.76923,5.40910893945404E-5
462.05984,1.39369833935482E-4
462.35043,8.08929805359793E-5
462.64102,1.21826777915632E-4
462.93161,1.01847186337468E-4
463.2222,2.04668986898261E-4
463.51279,7.99183663126543E-5
463.80338,1.14517171240694E-4
464.09396,6.5786460074441E-5
464.38455,7.84564449776667E-5
464.67514,6.91976098560787E-5
464.96573,9.16137369925549E-5
465.25632,8.62533587642671E-5
465.54691,8.04056734243168E-5
465.83749,1.06232950342431E-4
466.12805,6.62737671861036E-5
466.41864,8.3329516094292E-5
466.70923,1.15004478352356E-4
466.99979,1.32060227260545E-4
467.29037,1.24750620585607E-4
467.58093,1.09644100124068E-4
467.87152,4.09337973796522E-5
468.16208,9.21010441042174E-5
468.45264,1.07207564565756E-4
468.74323,1.09644100124068E-4
469.03378,1.37420605488832E-4
469.32434,8.18675947593044E-5
469.6149,9.50248867741926E-5
469.90546,1.12080635682381E-4
470.19601,9.55121938858551E-5
470.4866,8.77152800992547E-5
470.77716,1.3693329837717E-4
471.06772,8.23549018709669E-5
471.35825,7.55326023076916E-5
471.6488,9.84360365558303E-5
471.93936,8.38168232059545E-5
472.22992,7.99183663126543E-5
472.52048,7.84564449776667E-5
472.811,8.91772014342423E-5
473.10156,7.89437520893292E-5
473.39212,7.4070680972704E-5
473.68265,1.22801392138957E-4
473.97321,1.08669485900743E-4
474.26373,1.08182178789081E-4
474.55429,9.55121938858551E-5
474.84482,1.3303484148387E-4
475.13535,9.59995009975176E-5
475.4259,1.27187156143919E-4
475.71643,8.18675947593044E-5
476.00696,8.91772014342423E-5
476.29749,1.44242905052108E-4
476.58801,8.18675947593044E-5
476.87854,7.01722240794038E-5
477.16907,7.11468383027288E-5
477.45959,1.00872572114143E-4
477.75012,8.82025872109172E-5
478.04065,1.08182178789081E-4
478.33118,8.08929805359793E-5
478.6217,4.92180182779151E-5
478.91223,9.89233436674928E-5
479.20273,1.12080635682381E-4
479.49326,1.60324039736971E-4
479.78378,9.3562965439205E-5
480.07428,2.11978593573199E-4
480.36481,1.08669485900743E-4
480.6553,1.19877549468981E-4
480.9458,9.01518156575673E-5
481.23633,1.3303484148387E-4
481.52682,1.49603283280396E-4
481.81735,3.28444993260543E-4
482.10785,1.16466399687344E-4
482.39835,1.53989047285358E-4
482.68884,1.32547534372207E-4
482.97934,2.46090091389576E-4
483.26984,1.49115976168733E-4
483.56033,1.37907912600495E-4
483.85083,8.04056734243168E-5
484.14133,6.28626174044659E-5
484.43182,1.09644100124068E-4
484.72232,1.41806369493795E-4
485.01282,2.28059728258062E-4
485.30328,1.54963661508683E-4
485.59378,8.86898943225798E-5
485.88428,1.78354402868485E-4
486.17474,1.48141361945408E-4
486.46524,1.59349425513646E-4
486.75571,1.66659032188584E-4
487.0462,1.68120953523572E-4
487.33667,1.49603283280396E-4
487.62714,1.61298653960296E-4
487.91763,1.40344448158808E-4
488.2081,1.4083175527047E-4
488.49857,1.01847186337468E-4
488.78903,1.39369833935482E-4
489.07953,1.01359879225805E-4
489.37,1.17441013910669E-4
489.66046,6.09133889578158E-5
489.95093,1.39369833935482E-4
490.24139,1.7932901709181E-4
490.53183,1.70557489081884E-4
490.8223,1.40344448158808E-4
491.11276,1.09644100124068E-4
491.40323,2.09542058014886E-4
491.69366,8.3329516094292E-5
491.98413,7.74818307543417E-5
492.2746,1.30110998813894E-4
492.56503,4.43449471612899E-5
492.8555,7.16341454143913E-5
493.14594,9.55121938858551E-5
493.4364,9.64868081091802E-5
493.72684,1.18415628133994E-4
494.01727,1.89562466436723E-4
494.30771,1.00872572114143E-4
494.59818,9.74614223325052E-5
494.88861,1.66659032188584E-4
495.17905,9.50248867741926E-5
495.46948,1.64222496630271E-4
495.75992,9.16137369925549E-5
496.05035,1.01847186337468E-4
496.34079,1.13055249905706E-4
496.63123,1.41319062382133E-4
496.92163,8.52787445409421E-5
497.21207,6.43245387394535E-5
497.5025,7.26087596377164E-5
497.79294,1.08182178789081E-4
498.08334,7.45579880843665E-5
498.37378,6.72483814094286E-5
498.66418,9.30756583275425E-5
498.95462,6.33499245161284E-5
499.24503,6.87103027444162E-5
499.53543,2.43166248719601E-4
499.82587,1.32547534372207E-4
500.11627,5.31164751712153E-5
500.40668,8.57660516526046E-5
500.69708,7.94310592009918E-5
500.98752,2.53399698064514E-5
501.27792,1.41319062382133E-5
501.56833,1.09644100124068E-4
501.85873,2.7776505364764E-5
502.14911,8.18675947593044E-5
502.43951,1.15979092575681E-4
502.72992,1.17441013910669E-4
503.02032,1.14029864129031E-4
503.31073,2.36343949156325E-4
503.6011,9.30756583275425E-5
503.89151,1.65684417965259E-4
504.18188,1.96384765999998E-4
504.47229,1.72019410416872E-4
504.76266,1.97846687334986E-4
505.05307,1.72019410416872E-4
505.34344,3.01643102119104E-4
505.63382,3.2795768614888E-4
505.92422,3.44526127945406E-4
506.2146,4.00079138674934E-4
506.50497,4.86332497439201E-4
506.79535,5.33113980158804E-4
507.08572,6.16443496253096E-4
507.3761,6.06210046908182E-4
507.66647,6.45681922952847E-4
507.95685,6.49093072734485E-4
508.24722,7.13417611473938E-4
508.5376,7.72381771985104E-4
508.82794,7.9869635601488E-4
509.11832,7.18290682590564E-4
509.40869,8.25985554267982E-4
509.69904,8.14290183588081E-4
509.98941,8.7569087965756E-4
510.27975,9.44401182401976E-4
510.57013,9.30756583275425E-4
510.86047,9.64868081091802E-4
511.15082,0.00107353756699255
511.44119,0.00100823841402977
511.73154,0.00109254254434738
512.02191,0.00112957788483374
512.31226,0.00116563861109676
512.6026,0.00108669485900743
512.89294,0.00114468440529527
513.18329,0.00122703930716624
513.47363,0.00128892731034738
513.76392,0.00131280535881885
514.05426,0.0013459422424119
514.3446,0.00157059082088832
514.63495,0.00142342407316624
514.92529,0.00140393178869974
515.21564,0.00141319062382133
515.50592,0.00147556593411413
515.79626,0.00154768738664018
516.08661,0.00158179888445656
516.37695,0.00163247882406946
516.66724,0.00165245841564763
516.95758,0.00173481331751859
517.24786,0.00173968638863522
517.53821,0.001804985541598
517.82855,0.00191901540572703
518.11884,0.00185517817409924
518.40918,0.00188587852213398
518.69946,0.00194484268264514
518.98981,0.00193460923330023
519.28009,0.00203450719119105
519.57037,0.00214853705532008
519.86072,0.0020988317299305
520.151,0.00206569484633745
520.44128,0.00221676005095283
520.73163,0.00220214083760296
521.02191,0.00224404924920593
521.31219,0.00221870927939948
521.60248,0.00214610051976177
521.89282,0.00215877050466499
522.18311,0.00221286159405953
522.47339,0.00221919658651114
522.76367,0.00225282077721586
523.05396,0.00222065850784613
523.34424,0.00224940962743422
523.63452,0.00227085114034737
523.9248,0.00235466796355333
524.21509,0.00230398802394042
524.50537,0.00243653555831263
524.79565,0.00245992629967243
525.08594,0.00239365253248633
525.37622,0.00240583521027789
525.66644,0.00239219061115134
525.95673,0.00238390639025308
526.24701,0.00237026179112653
526.53729,0.00242678941607938
526.82751,0.00233371375775184
527.1178,0.00239219061115134
527.40808,0.00242191634496276
527.6983,0.00254910350110667
527.98859,0.00246138822100742
528.27881,0.00231422147328534
528.56909,0.00236782525556821
528.85938,0.00235954103466995
529.1496,0.00243312440853099
529.43982,0.00244189593654092
529.7301,0.00243263710141933
530.02032,0.00235807911333496
530.31061,0.00244287055076424
530.60083,0.00245212938588583
530.89105,0.00250914431795035
531.18134,0.0025929611411563
531.47156,0.00254081928020841
531.76178,0.00247308359168732
532.052,0.00248965203348385
532.34229,0.00246187552811908
532.63251,0.00239901291071462
532.92273,0.00242825133741437
533.21295,0.00254471773710171
533.50317,0.00252961121664017
533.7934,0.00244628170054588
534.08362,0.00242289095918608
534.37384,0.00246869782768236
534.66406,0.00249208856904216
534.95428,0.00266167144390072
535.24451,0.00266508259368236
535.53473,0.00259052460559799
535.82489,0.00264120454521089
536.11511,0.00261099150428782
536.40533,0.0025539765722233
536.69556,0.00254081928020841
536.98578,0.00263340763142429
537.27594,0.00248916472637218
537.56616,0.00257151962824315
537.85638,0.00260319459050121
538.14655,0.00259198652693298
538.43677,0.00255007811533
538.72693,0.00253740813042677
539.01715,0.00255592580066995
539.30731,0.00257054501401983
539.59753,0.00252620006685854
539.8877,0.00259783421227293
540.17792,0.00264315377365754
540.46808,0.00252181430285357
540.75824,0.00247454551302231
541.04846,0.00254861619399501
541.33862,0.00262073764652107
541.62878,0.00242922595163769
541.91895,0.00248526626947888
542.20917,0.00255933695045159
542.49933,0.0024799058912506
542.78949,0.00235466796355333
543.07965,0.00233712490753348
543.36981,0.00243068787297268
543.65997,0.00240291136760792
543.95013,0.00238634292581139
544.2403,0.00230983570928037
544.53046,0.00236977448401486
544.82062,0.0024043732889429
545.11078,0.00249111395481883
545.40094,0.00242922595163769
545.6911,0.00236733794845655
545.98126,0.00225087154876921
546.27136,0.00221822197228782
546.56152,0.00223089195719104
546.85168,0.00220945044427789
547.14185,0.00217338971801487
547.43195,0.00226841460478906
547.72211,0.00222504427185109
548.01227,0.00223576502830767
548.30237,0.00217875009624315
548.59253,0.00217777548201983
548.88263,0.00221237428694787
549.17279,0.00218021201757814
549.46289,0.00213586707041685
549.75305,0.0021144255575037
550.04315,0.00220116622337963
550.33325,0.00218995815981139
550.62341,0.00219336930959303
550.91351,0.00200721799293795
551.20361,0.00204571525475928
551.49377,0.00198821301558311
551.78387,0.00207300445301239
552.07397,0.00202427374184613
552.36407,0.00204181679786598
552.65417,0.00197797956623819
552.94427,0.00217777548201983
553.23438,0.00206959330323075
553.52448,0.0020325579627444
553.81458,0.0019531269035434
554.10468,0.00194630460398013
554.39478,0.00197895418046152
554.68488,0.00186443700922082
554.97498,0.00184689395320097
555.26508,0.00211686209306201
555.55518,0.00207739021701735
555.84528,0.00203499449830271
556.13531,0.00201842605650618
556.42542,0.00225038424165755
556.71552,0.00199113685825308
557.00562,0.00202134989917616
557.29565,0.00193558384752355
557.58575,0.00191999001995035
557.87579,0.00191511694883373
558.16589,0.00197066995956326
558.45593,0.00190537080660048
558.74603,0.00187272123011909
559.03607,0.00182350321184117
559.32617,0.00190488349948881
559.61621,0.00188100545101735
559.90631,0.00190001042837219
560.19635,0.0018478685674243
560.48639,0.00185858932388087
560.77649,0.00190829464927045
561.06653,0.00197066995956326
561.35657,0.00188636582924564
561.64661,0.001921939248397
561.93665,0.00188490390791065
562.22668,0.00186638623766748
562.51678,0.00184689395320097
562.80682,0.00181570629805457
563.09686,0.0018790562225707
563.3869,0.0020052687644913
563.67694,0.00198723840135978
563.96692,0.00193607115463522
564.25696,0.00195020306087343
564.547,0.00190878195638211
564.83704,0.00194484268264514
565.12708,0.00199600992936971
565.41711,0.00205448678276921
565.70709,0.00205010101876425
565.99713,0.00197261918800991
566.28717,0.00197603033779154
566.57715,0.00193314731196524
566.86719,0.00200380684315631
567.15723,0.00195556343910172
567.4472,0.00197992879468484
567.73724,0.00183373666118609
568.02722,0.00193558384752355
568.31726,0.00194727921820345
568.60724,0.00190732003504713
568.89722,0.00189757389281388
569.18726,0.0019180407915037
569.47723,0.00189659927859055
569.76721,0.00192924885507194
570.05725,0.00199113685825308
570.34723,0.0019492284466501
570.63721,0.00193314731196524
570.92719,0.00200429415026797
571.21716,0.00193266000485358
571.50714,0.0020598471609975
571.79718,0.00197651764490321
572.08716,0.00196920803822827
572.37714,0.00199795915781636
572.66711,0.00206520753922579
572.95709,0.00202914681296276
573.24701,0.00202281182051115
573.53699,0.0020286595058511
573.82697,0.00197700495201487
574.11694,0.0019102438777171
574.40692,0.00190878195638211
574.69684,0.00196920803822827
574.98682,0.00205692331832752
575.27679,0.00207592829568236
575.56677,0.0020286595058511
575.85669,0.00208664905213894
576.14667,0.00213099399930023
576.43658,0.00204522794764762
576.72656,0.00222260773629278
577.01648,0.0021729024109032
577.30646,0.00222163312206946
577.59637,0.00220701390871958
577.88635,0.00220750121583124
578.17627,0.00215438474066003
578.46619,0.00220652660160792
578.7561,0.00221773466517616
579.04608,0.00219483123092802
579.336,0.00226256691944911
579.62592,0.00226451614789576
579.91583,0.00219921699493298
580.20575,0.00230837378794539
580.49573,0.00239316522537467
580.78564,0.00230886109505705
581.07556,0.00231665800884365
581.36548,0.00236002834178161
581.6554,0.00244384516498757
581.94525,0.00241168289561784
582.23517,0.00249257587615382
582.52509,0.00251401738906697
582.815,0.00251450469617864
583.10492,0.00250086009705208
583.39484,0.00255446387933496
583.68469,0.00259783421227293
583.97461,0.00262073764652107
584.26453,0.00279763012805456
584.55438,0.00272112291152355
584.8443,0.00263681878120593
585.13416,0.00269285909904712
585.42407,0.00266410797945903
585.71393,0.00275962017334489
586.00385,0.0028673150450223
586.2937,0.00285513236723074
586.58362,0.00282394471208434
586.87347,0.00275279787378161
587.16333,0.00290922345662528
587.45325,0.00298378144470965
587.7431,0.00303153754165258
588.03296,0.00308660324527044
588.32281,0.00315190239823322
588.61273,0.00325277497034736
588.90259,0.00321427770852602
589.19244,0.00317383121825803
589.4823,0.00319429811694786
589.77216,0.00319819657384116
590.06201,0.00326300841969227
590.35187,0.00324302882811411
590.64172,0.0033497490855682
590.93158,0.00327616571170716
591.22137,0.00343843897989078
591.51123,0.00357975804227292
591.80109,0.00363141259610914
592.09094,0.00360022494096274
592.38074,0.00366601140103718
592.67059,0.00373618362511659
592.96045,0.00375665052380641
593.25024,0.00386142155281386
593.5401,0.00396424335337465
593.8299,0.00396131951070468
594.11975,0.00408850666684859
594.40955,0.00417719656117117
594.6994,0.00422592727233743
594.9892,0.0041625773478213
595.27905,0.00427855644039698
595.56885,0.00438576400496274
595.85864,0.00453146883134983
596.14844,0.00459676798431261
596.43829,0.00464062562436224
596.72809,0.00483993423303221
597.01788,0.00488671571575181
597.30768,0.00495542601849623
597.59747,0.00488379187308184
597.88727,0.00496029908961285
598.17706,0.0050689685755136
598.46686,0.00523319107214387
598.75665,0.00528143447619846
599.04645,0.00535794169272948
599.33624,0.00547684462797513
599.62604,0.00556602182940937
599.91583,0.00579213232922079
600.20557,0.00586620301019349
600.49536,0.00586717762441681
600.78516,0.00610108503801483
601.07495,0.00618733839677909
601.36469,0.00630185556801979
601.65448,0.00631111440314138
601.94421,0.00646364152909175
602.23401,0.00653722490295279
602.52374,0.00672337621960787
602.81354,0.0069168371429379
603.10327,0.00703671469240688
603.39307,0.00709031847468976
603.6828,0.00714197302852598
603.97253,0.00721506909527536
604.26233,0.00746993071467486
604.55206,0.00753474256052598
604.8418,0.00779496455815377
605.13153,0.00772576694829769
605.42126,0.00806785654068478
605.711,0.00831687047474433
606.00079,0.0083719361783622
606.29053,0.00850594563406939
606.58026,0.00865701083868478
606.86993,0.00885193368334979
607.15967,0.00901274503019842
607.4494,0.00916039908503217
607.73914,0.00927394164204953
608.02887,0.00953465094678899
608.3186,0.00973249763412397
608.60828,0.00996055736238203
608.89801,0.0101130844883324
609.18774,0.0104108291335582
609.47742,0.0105282701474689
609.76715,0.0107889794522083
610.05688,0.0109190904510222
610.34656,0.0109921865177716
610.63629,0.0112792104065408
610.92596,0.0116617464891959
611.2157,0.0117611571399751
611.50537,0.0119531561419701
611.79504,0.0122182512107145
612.08478,0.012517945084387
612.37445,0.0126266145702877
612.66412,0.012823973950511
612.9538,0.0130978405472654
613.24347,0.0134555239672257
613.5332,0.0137990754809478
613.82288,0.0140700182350321
614.11255,0.0143672755731463
614.40222,0.014558299960918
614.69189,0.0145651222604812
614.98157,0.0150046732752008
615.27124,0.0152887733213001
615.56085,0.0154067016423224
615.85052,0.0159763636558559
616.1402,0.0162687479228534
616.42987,0.0164870615088782
616.71954,0.0169144298458063
617.00916,0.0171132511473646
617.29883,0.0174689853388782
617.5885,0.0182481894104266
617.87811,0.0187330599865308
618.16779,0.0189752516210271
618.4574,0.0191102356909576
618.74707,0.0192920012436077
619.03668,0.0198450948153447
619.32629,0.0204849290529576
619.61597,0.0208450490084762
619.90558,0.0211276871332405
620.19519,0.0214736751825209
620.48486,0.0217743436704167
620.77448,0.0223318230061586
621.06409,0.0229190280757119
621.3537,0.0229779922362231
621.64331,0.0234584770483223
621.93292,0.0243102898795084
622.22253,0.024758612422238
622.51215,0.0252468941481238
622.80176,0.0256294302307789
623.09137,0.025776596978501
623.38098,0.0264154566018906
623.67059,0.0270460320043819
623.96021,0.0276351863023819
624.24976,0.0281215187998211
624.53937,0.0289358089834091
624.82898,0.029695520770491
625.11853,0.0301618736763521
625.40814,0.0307505406672404
625.69775,0.0311208940721039
625.9873,0.0320238741500146
626.27692,0.0323932529406548
626.56647,0.0331441931997267
626.85608,0.033654891052749
627.14563,0.0343103191179351
627.43518,0.0353438975017714
627.72479,0.0357303320413197
628.01434,0.0364583688661436
628.30389,0.0375289825904661
628.59344,0.0384300134399301
628.883,0.0386897481304463
629.17261,0.0397964225810319
629.46216,0.0405941443228234
629.75171,0.0410809641273743
630.04126,0.041900127382079
630.33081,0.0425107231929921
630.62036,0.0439112438319102
630.90985,0.0447196863301584
631.1994,0.0455320272852998
631.48895,0.0465207734148631
631.7785,0.0470972577279598
632.06805,0.047974897836064
632.35754,0.0483291701062427
632.64709,0.049746746494069
632.93665,0.0505673716701087
633.22614,0.0516954876336074
633.51569,0.0528031366984163
633.80518,0.0535925742193096
634.09473,0.0543795752046446
634.38422,0.0556032033620292
634.67371,0.0566455532738754
634.96326,0.0576430709314486
635.25275,0.0593427981369274
635.54224,0.0597360549760391
635.83179,0.0612184432097165
636.12128,0.0623509449372202
636.41077,0.0631462301434535
636.70026,0.0646135118566693
636.98975,0.0661470673370713
637.27924,0.0674725426807934
637.56873,0.0686459782056767
637.85822,0.0700557576797164
638.14771,0.0711483002240638
638.43719,0.0721536147954236
638.72668,0.0730980159778256
639.01617,0.0747178248169918
639.3056,0.0759014937912201
639.59509,0.0780461323896469
639.88458,0.0798788944366096
640.17407,0.0813880845614285
640.4635,0.083482530527354
640.75299,0.0846842298647138
641.04242,0.0858995738012001
641.33191,0.0876860416725549
641.62134,0.0885505244886443
641.91083,0.0902483024656765
642.20026,0.0924212048765797
642.48969,0.0942944134138105
642.77917,0.095174490057473
643.0686,0.0974107423928923
643.35803,0.0998287602809618
643.64746,0.101105504913518
643.93689,0.103483076311319
644.22638,0.104531273908505
644.51581,0.105665724864456
644.80524,0.107993103629756
645.09467,0.109572465978654
645.38409,0.11158212050715
645.67346,0.113552790466714
645.96289,0.115756393225651
646.25232,0.117639347905115
646.54175,0.12078004223978
646.83118,0.122103568355056
647.12054,0.123835457829904
647.40997,0.126250551875304
647.6994,0.128730457766555
647.98877,0.13162506200983
648.2782,0.133635203845438
648.56757,0.135281327268634
648.85699,0.137624299861507
649.14636,0.139728979276778
649.43579,0.142057819963413
649.72516,0.14431697573308
650.01453,0.146693085209547
650.30389,0.149735830814768
650.59332,0.152404811865343
650.88269,0.155163944731577
651.17206,0.158512719202921
651.46143,0.160603266711954
651.75079,0.162213816715998
652.04016,0.165936355741988
652.32953,0.168487408471542
652.6189,0.17042737808307
652.90826,0.17356368665373
653.19763,0.175811147052718
653.487,0.179426965821254
653.77631,0.182493102167834
654.06567,0.185172316667755
654.35504,0.187714597869298
654.64441,0.190087296195983
654.93372,0.192929758578311
655.22308,0.19709769630436
655.51239,0.200792458824986
655.80176,0.204008685761958
656.09106,0.207658128721199
656.38043,0.210354398970028
656.66974,0.213571113214112
656.95905,0.21614409476369
657.24841,0.218885684573904
657.53772,0.221922582493784
657.82703,0.225182179763695
658.11633,0.230527938778633
658.40564,0.233776327984975
658.69495,0.238088021308965
658.98425,0.241395861982931
659.27356,0.245318196924702
659.56287,0.250457337724295
659.85217,0.253701828473744
660.14148,0.256063318736861
660.43079,0.260200556114876
660.72009,0.264214017486528
661.0094,0.267915602306717
661.29865,0.270398919347749
661.58795,0.274130717208861
661.87726,0.27994575297233
662.1665,0.282764824613297
662.45581,0.285871407450146
662.74506,0.289207511936588
663.03436,0.293188811038871
663.32361,0.299017978708578
663.61292,0.304015800445789
663.90216,0.309281153787302
664.19141,0.312631390179982
664.48071,0.316488913275903
664.76996,0.321851728039749
665.0592,0.326538647839719
665.34845,0.333410652728384
665.6377,0.338969364951118
665.92694,0.341351809420036
666.21619,0.345168886025689
666.50543,0.350621852605193
666.79468,0.354582684808786
667.08392,0.358747211385054
667.37317,0.362816713074547
667.66241,0.366107497999604
667.9516,0.373709001634428
668.24084,0.377411073761728
668.53009,0.380563950774185
668.81927,0.387376016888115
669.10852,0.390760364778611
669.39777,0.396240620556368
669.68695,0.404054102784765
669.97614,0.405220228702974
670.26538,0.412006467539986
670.55457,0.417525220579564
670.84381,0.419803381326586
671.133,0.427803014871638
671.42218,0.429676710715981
671.71136,0.433652162132924
672.00061,0.441561643862318
672.28979,0.445250558697603
672.57898,0.450077822945732
672.86816,0.457215410210253
673.15735,0.461193298162755
673.44653,0.464825198065976
673.73572,0.472153322411157
674.0249,0.478323605059027
674.31403,0.487043965822228
674.60321,0.490978483441792
674.8924,0.497591240947052
675.18158,0.503502276211518
675.4707,0.50534917016472
675.75989,0.5135797872807
676.04901,0.519997621941295
676.3382,0.525640638294347
676.62732,0.526137691548243
676.9165,0.533754301703528
677.20563,0.540064928799558
677.49481,0.545547133805761
677.78394,0.55236456029792
678.07306,0.555765963937324
678.36218,0.56099964231658
678.65137,0.566437989682734
678.94049,0.572816839774396
679.22961,0.579916904391319
679.51874,0.582519124367597
679.80786,0.588201125289582
680.09698,0.594414290963279
680.38611,0.59907782002189
680.67523,0.608984773601989
680.96436,0.613614191162783
681.25342,0.621225928246952
681.54254,0.623988959570078
681.83167,0.630640701644272
682.12079,0.640011617401542
682.40985,0.641190900611765
682.69897,0.649538471434544
682.98804,0.657247669941046
683.27716,0.660551612158117
683.56622,0.671442926103775
683.85535,0.674127988289035
684.14441,0.68181769451107
684.43347,0.687811571984519
684.7226,0.691032671992608
685.01166,0.700159934194048
685.30072,0.703532099406752
685.58978,0.710598052525859
685.87885,0.714715797619407
686.16791,0.72229342320576
686.45697,0.728930546066603
686.74603,0.734939042753402
687.0351,0.741771088458911
687.32416,0.744831377120151
687.61322,0.752340779710871
687.90228,0.758149480481888
688.19128,0.763621939345858
688.48035,0.770005662508637
688.76941,0.776642785369481
689.05841,0.779707947101838
689.34747,0.782051894308935
689.63654,0.793908076335684
689.92554,0.797903994651317
690.21454,0.802450570003128
690.5036,0.809287488779754
690.7926,0.80861500496566
691.08167,0.819379619062285
691.37067,0.823960305911912
691.65967,0.824350151601242
691.94867,0.829520480055982
692.23767,0.837317393842582
692.52667,0.836971405793302
692.81567,0.847443635622929
693.10468,0.852531121868686
693.39368,0.853257209465063
693.68268,0.855074864991565
693.97168,0.863149543831813
694.26068,0.860362147153103
694.54968,0.866263436275336
694.83862,0.868363729926602
695.12762,0.878226825866651
695.41663,0.881623356434939
695.70557,0.887047084587743
695.99457,0.892962992923326
696.28351,0.891540056157271
696.57251,0.900433410945113
696.86145,0.900569856936378
697.15045,0.906778149538959
697.43939,0.913044918994939
697.72833,0.909399861799703
698.01733,0.918863365908189
698.30627,0.920198587394145
698.59521,0.927776212980497
698.88416,0.924126282714145
699.1731,0.926450737636775
699.46204,0.934233032210025
699.75098,0.939812698638561
700.03992,0.944768611964169
700.32886,0.945904037534343
700.6178,0.951625023025261
700.90668,0.951405734825013
701.19562,0.960995938782531
701.48456,0.957726108063276
701.7735,0.961770757090075
702.06238,0.970688477233499
702.35132,0.96824706860407
702.6402,0.978027322335137
702.92914,0.968924425489281
703.21802,0.976224286021985
703.5069,0.97172644138134
703.79584,0.975230179514194
704.08472,0.977413315374442
704.3736,0.981506695112407
704.66248,0.980649034595881
704.95142,0.982997854874095
705.2403,0.985146879236526
705.52917,0.983563131123623
705.81805,0.985005560174144
706.10693,0.985916824472953
706.39581,0.989561881668189
706.68469,0.995784793484119
706.97351,0.991028676074293
707.26239,0.994595764131663
707.55127,0.992768362462928
707.84015,0.994098710877767
708.12897,0.996501134938263
708.41785,0.992359024489131
708.70667,0.997719402717419
708.99554,0.996798392276377
709.28436,0.99329952721464
709.57324,0.998401632673747
709.86206,1
710.15088,0.999995126928883
710.43976,0.996169766102332
710.72858,0.996647327071762
711.0174,0.998352901962581
711.30621,0.996471896511563
711.59503,0.997436764592655
711.88385,0.997402653094839
712.17267,0.999293404688089
712.46149,0.992558820404913
712.75031,0.990648576527196
713.03912,0.999785584870868
713.32794,0.992261563066799
713.61676,0.996569357933896
713.90552,0.992919427667543
714.19434,0.988480059880298
714.48315,0.989571627810422
714.77191,0.991579333110471
715.06073,0.99140877562139
715.34949,0.983222016145459
715.63831,0.987680876217171
715.92706,0.981253295414342
716.21582,0.984069930519752
716.50464,0.979757262581539
716.7934,0.974162976939653
717.08215,0.976385097368834
717.37091,0.964499676915385
717.65967,0.968865948635881
717.94849,0.962150856637171
718.23724,0.96431937328407
718.52594,0.959699701865509
718.8147,0.959149044829331
719.10345,0.954017700943524
719.39221,0.951235177335931
719.68097,0.95680997069335
719.96973,0.946815301833152
720.25842,0.942824256588636
720.54718,0.943238467633549
720.83594,0.941362335253648
721.12463,0.938955038122035
721.41339,0.941839896223078
721.70209,0.928629000425906
721.99078,0.932620045670423
722.27954,0.93600195702536
722.56824,0.923024968641787
722.85693,0.930807263215038
723.14569,0.923010349428438
723.43439,0.924287094060993
723.72308,0.92313704927747
724.01178,0.915622773615633
724.30048,0.914774859241341
724.58917,0.910028487973748
724.87787,0.909770215204567
725.16656,0.909828692057966
725.4552,0.902728627441043
725.7439,0.899941230762333
726.03259,0.896666526971961
726.32129,0.893040962061192
726.60992,0.896554446336279
726.89862,0.88429379940685
727.18726,0.889571335426155
727.47595,0.88502963314546
727.76459,0.879562047352607
728.05328,0.880054227535386
728.34192,0.864942834002731
728.63055,0.872998020558513
728.91925,0.869211644300894
729.20789,0.859796870903574
729.49652,0.859470375138761
729.78516,0.851624730640994
730.07379,0.854918926715833
730.36243,0.847506985547446
730.65106,0.844422331530622
730.9397,0.84384730913886
731.22833,0.836747244521937
731.51697,0.831976507898761
731.8056,0.831425850862582
732.09418,0.820305502574443
732.38281,0.820164183512061
732.67145,0.816168265196428
732.96002,0.810812760039257
733.24866,0.811246463368637
733.53723,0.804204875605114
733.82587,0.804955328557074
734.11444,0.798264601913947
734.40302,0.791476413848488
734.69165,0.787485368603972
734.98022,0.786544865878464
735.2688,0.78343097343494
735.55737,0.782509962993898
735.84595,0.770785353887298
736.13452,0.775424517590325
736.4231,0.765941521197372
736.71167,0.764762237987149
737.00024,0.758588056882385
737.28882,0.754065846886156
737.57739,0.754670107704618
737.86591,0.747560296945461
738.15448,0.746975528411467
738.44305,0.742921133242434
738.73157,0.737965219916826
739.02014,0.737843393138911
739.30865,0.725860511263129
739.59723,0.727210351962434
739.88574,0.718131820472162
740.17432,0.713278241640003
740.46283,0.717883293845214
740.75134,0.707844767344966
741.03986,0.704341029212112
741.32843,0.700656987447943
741.61694,0.696831626621393
741.90546,0.692645658532211
742.19397,0.687923652620201
742.48248,0.683479411761839
742.771,0.681159829910326
743.05945,0.676194170442485
743.34796,0.672597843958415
743.63647,0.665604986906058
743.92499,0.662997893858663
744.21344,0.656633662980351
744.50195,0.656862697322832
744.79047,0.651078361907398
745.07892,0.647847515757075
745.36743,0.646707217115785
745.65588,0.642043688057175
745.94434,0.636044937512609
746.23285,0.63273612222442
746.5213,0.633915405434644
746.80975,0.624354439903825
747.09821,0.622858407071021
747.38666,0.62099689390447
747.67511,0.614452359394842
747.96356,0.612352065743577
748.25201,0.604340736827845
748.54047,0.602659527292609
748.82892,0.600266849374346
749.11737,0.597713360109235
749.40582,0.59234810880983
749.69421,0.590881314403726
749.98267,0.586802553879111
750.27112,0.587333718630823
750.55951,0.576827377303379
750.84796,0.574000996055736
751.13635,0.571949433115637
751.4248,0.568806302245414
751.7132,0.570521623278466
752.00159,0.561077611454446
752.29004,0.562349483015885
752.57843,0.555746471652858
752.86682,0.554533076944818
753.15521,0.550649239264868
753.4436,0.548709756960451
753.73199,0.547145501132014
754.02039,0.5390220915806
754.30878,0.538115700352908
754.59717,0.532248522728491
754.88556,0.531873296252511
755.17389,0.528544988679856
755.46228,0.526712713940005
755.75067,0.525840434210129
756.039,0.519875795163379
756.32739,0.520952743880154
756.61572,0.512765984404223
756.90411,0.512317661861494
757.19244,0.508701843092958
757.48077,0.50407729860328
757.76917,0.503921360327548
758.0575,0.499345546549037
758.34583,0.499072654566506
758.63416,0.496704342003826
758.92249,0.495637139429285
759.21082,0.489380116115538
759.49915,0.489506815964571
759.78748,0.483548999217385
760.07581,0.484534334197166
760.36414,0.484174701548759
760.65247,0.479996043066253
760.9408,0.479079905696328
761.22906,0.476173118775261
761.5174,0.471087581757951
761.80566,0.472836526981707
762.09399,0.464297931771157
762.38226,0.468376692295772
762.67059,0.461215714289891
762.95886,0.462455910889072
763.24719,0.459112496795956
763.53546,0.456049284292045
763.82373,0.457381094628219
764.112,0.453085969746025
764.40027,0.454409495861301
764.68854,0.446720276946378
764.97681,0.445622861330914
765.26508,0.442838875801986
765.55334,0.442165417373668
765.84161,0.440959819579415
766.12988,0.436771414954676
766.41815,0.436371823123112
766.70636,0.43330812331209
766.99463,0.430024647993708
767.2829,0.429656731124403
767.57111,0.428930643528025
767.85938,0.4264434280301
768.14758,0.421762843222581
768.43579,0.418917456997584
768.72406,0.417561768612939
769.01227,0.416022852754309
769.30048,0.414681783583013
769.58868,0.413565850297306
769.87689,0.408398932992348
770.16516,0.40510766076018
770.45337,0.401579557271743
770.74158,0.402273969905862
771.02972,0.398236143178626
771.31793,0.395885373671966
771.60614,0.394095981957941
771.89435,0.391667243313415
772.18256,0.392109718170805
772.4707,0.387850166707763
772.75891,0.386918435510264
773.04706,0.383817700358755
773.33527,0.381832411185842
773.62341,0.380731584420597
773.91162,0.376485190249569
774.19977,0.37834085573078
774.48792,0.376958852762105
774.77606,0.373151034991574
775.06427,0.373037492434557
775.35242,0.367375958411262
775.64056,0.368007508427976
775.92871,0.363020894754334
776.21686,0.36347701421085
776.505,0.359983509527341
776.79315,0.357129839081446
777.08124,0.358999149161783
777.36938,0.355512466777838
777.65753,0.35263784212614
777.94562,0.348661416094974
778.23376,0.345206408673287
778.52191,0.344408686931495
778.81,0.341786000056528
779.09808,0.340374758661153
779.38623,0.3360270046109
779.67432,0.334264902095128
779.9624,0.332649966327079
780.25055,0.327625830005838
780.53864,0.326573733951759
780.82672,0.324442252645347
781.11481,0.322146548842304
781.40289,0.32053307499559
781.69098,0.317343162642647
781.97906,0.315558643999739
782.26715,0.314809165662002
782.55518,0.314039707732687
782.84326,0.31087513534955
783.13135,0.310217758055918
783.41943,0.307265164266354
783.70746,0.306160926351327
783.99554,0.305656076183645
784.28357,0.301940846764329
784.57159,0.298817695485684
784.85968,0.297812380914325
785.14771,0.294882203251898
785.43573,0.292090908116295
785.72382,0.28809157865088
786.01184,0.286098492564181
786.29987,0.285441115270548
786.58789,0.28202704164624
786.87592,0.281989031691531
787.16394,0.278294269170905
787.45197,0.276280228878404
787.73993,0.275473735608603
788.02795,0.273763774953779
788.31598,0.272732145798389
788.604,0.271429086581804
788.89197,0.269283960676265
789.17999,0.26617835245364
789.46796,0.265384529168742
789.75598,0.264051256911233
790.04395,0.262355915469759
790.33191,0.259681574040955
790.61993,0.25771041677428
790.9079,0.256804025546588
791.19586,0.255130612925139
791.48383,0.254646229656146
791.77179,0.251851523370762
792.05975,0.251271627907883
792.34772,0.248062223270474
792.63568,0.246649519953764
792.92365,0.246995020695933
793.21161,0.244586261642985
793.49951,0.242184812196712
793.78748,0.241174624554236
794.07544,0.239414471266911
794.36334,0.238522699252568
794.65131,0.237997382186196
794.93921,0.235572054691452
795.22717,0.233161833717169
795.51508,0.232231077133893
795.80298,0.231146331503333
796.09094,0.229044575930732
796.37885,0.228722953237035
796.66675,0.228185453492871
796.95465,0.227659649119387
797.24255,0.224643218098196
797.53046,0.225637324605988
797.81836,0.223380605371879
798.10626,0.222734923448926
798.3941,0.220834425713442
798.68201,0.217628432225814
798.96991,0.218536772681953
799.25775,0.216327322237675
799.54565,0.214860040524459
799.83356,0.213556981307874
800.1214,0.211272972875512
800.40924,0.212624762803263
800.69714,0.210659453221928
800.98499,0.209737468166663
801.27283,0.209300353687502
801.56073,0.208315993321943
801.84857,0.206719575224137
802.13641,0.204814691724648
802.42426,0.204980376142613
802.7121,0.20419093862172
802.99994,0.202577464775005
803.28772,0.201551195997844
803.57556,0.200409435435219
803.8634,0.198822763479646
804.15125,0.19737594866512
804.43903,0.19691008306637
804.72687,0.196084097512102
805.01465,0.195277604242301
805.30249,0.19498716920375
805.59027,0.193353228458345
805.87811,0.192225599801958
806.16589,0.191314335503149
806.45367,0.191142316092733
806.74146,0.189334894015576
807.02924,0.18813709313511
807.31708,0.186503152389705
807.60486,0.185835541646728
807.89264,0.185851135474301
808.18036,0.18535262029907
808.46814,0.183931145454351
808.75592,0.183683593441626
809.0437,0.182512594452301
809.33142,0.181914181319179
809.6192,0.18089424753447
809.90698,0.17825937798171
810.1947,0.17924130181171
810.48248,0.178542990720698
810.7702,0.176829618916093
811.05792,0.175807735902936
811.3457,0.173649452705383
811.63342,0.172704564215869
811.92114,0.17219776481974
812.20886,0.170861568719562
812.49658,0.170461976887998
812.7843,0.16928123175644
813.07202,0.167553728045596
813.35974,0.166788168573174
813.64746,0.166366160614475
813.93518,0.164444221366078
814.22284,0.16218798943908
814.51056,0.161296217424738
814.79828,0.161233354807333
815.08594,0.159538500672971
815.37366,0.157834387703487
815.66132,0.156959184130941
815.94897,0.15553429813644
816.23669,0.154290203080366
816.52435,0.152839977116058
816.81201,0.152015940790237
817.09967,0.151633892014693
817.38733,0.149494126487383
817.67499,0.148731490857631
817.96265,0.147231072260822
818.25031,0.146381208658083
818.53796,0.145465071288157
818.82562,0.143918845822852
819.11328,0.142032967300718
819.40088,0.141661639281631
819.68854,0.140477970307403
819.9762,0.139925851349889
820.26379,0.138269494477348
820.55145,0.136574640342986
820.83905,0.135779355136753
821.12665,0.13472628446845
821.41431,0.134186348188728
821.7019,0.131917933583939
821.9895,0.131888207850128
822.2771,0.130087120765423
822.5647,0.1291042223212
822.85229,0.128827919188887
823.13989,0.127150120803433
823.42749,0.125962553372311
823.71509,0.124647311477934
824.00269,0.123097187555736
824.29022,0.122952457343572
824.57782,0.121634291606525
824.86542,0.120886275190123
825.15295,0.118491648043413
825.44055,0.11708674164049
825.72809,0.115678911394897
826.01562,0.115114609759592
826.30322,0.115081472875999
826.59076,0.112977768074952
826.8783,0.112384228012947
827.16583,0.110951057797547
827.45337,0.109935997083954
827.74091,0.10880934304179
828.02844,0.108004799000436
828.31598,0.10633236099321
828.60352,0.105155027011433
828.89105,0.105303168373379
829.17853,0.102768684085622
829.46606,0.101769704506714
829.7536,0.1011591086958
830.04108,0.0994623053329916
830.32861,0.0988741256492149
830.61609,0.0979979474624457
830.90363,0.0971709872939544
831.1911,0.0970194347822273
831.47858,0.0959112984103067
831.76605,0.0948782073335822
832.05353,0.0936916145166839
832.341,0.0932043074050214
832.62848,0.0925664223958552
832.91595,0.0918320505785797
833.20343,0.0915844985658552
833.49091,0.089991978924942
833.77838,0.0895597375168974
834.06586,0.0887756603742324
834.35327,0.0881787091624458
834.64075,0.0877679092673143
834.92816,0.086855670354282
835.21564,0.0858367111837957
835.50305,0.0847753562945947
835.79053,0.0845463219521133
836.07794,0.084065837140014
836.36536,0.0836988948849322
836.65283,0.0827150218264855
836.94025,0.0821443851987287
837.22766,0.081284775453756
837.51508,0.0811916997954285
837.80249,0.0806805146352945
838.0899,0.0795640940424756
838.37726,0.0792575778692399
838.66467,0.0787424942522126
838.95209,0.0782079183507188
839.2395,0.0776007336895873
839.52686,0.0776952712692498
839.81427,0.0769774678937709
840.10162,0.0765116022950216
840.38904,0.0752694564673938
840.67639,0.0751042593565402
840.96375,0.074817235467771
841.25116,0.0745833280541729
841.53851,0.0737656267208032
841.82587,0.0730624425586742
842.11322,0.0726009627239298
842.40057,0.0731847566437015
842.68793,0.0720347118601779
842.97528,0.0710103923114633
843.26263,0.0706663534906296
843.54993,0.0704105172570067
843.83728,0.0701234933682375
844.12463,0.0698486521572598
844.41193,0.069003661625637
844.69928,0.0687970434102921
844.98657,0.0683238682048678
845.27393,0.0682707517296966
845.56122,0.0678058607451705
845.84851,0.0676148363573988
846.1358,0.066729399335508
846.42316,0.0661953107411259
846.71045,0.065439984718049
846.99774,0.0657645312544162
847.28503,0.0645248219623468
847.57233,0.0644073809484361
847.85962,0.063825536257111
848.14685,0.0636179434275428
848.43414,0.0629566676770167
848.72144,0.06257072044458
849.00867,0.0622875950127041
849.29596,0.0617193949205056
849.58319,0.0609733277325503
849.87048,0.0607121311206991
850.15771,0.0603944068838952
850.44501,0.0593296408449126
850.73224,0.0597311819049225
851.01947,0.0587424357753592
851.3067,0.0578053441996322
851.59393,0.0579710286175974
851.88116,0.0571713576473592
852.1684,0.0563975139540391
852.45563,0.0559204402917215
852.74286,0.054960932588858
853.03009,0.0545140719674635
853.31726,0.0535750311632898
853.60449,0.053236840027796
853.89172,0.0527436852307935
854.17889,0.0521121352140789
854.46613,0.0513704537901285
854.7533,0.0508938674349226
855.04047,0.0502818097026744
855.3277,0.0500435165250715
855.61487,0.0490854707435429
855.90204,0.0483091905146645
856.18921,0.0481664095309474
856.47638,0.0471318565328879
856.76355,0.0468599391645802
857.05072,0.0465826614180442
857.33789,0.0453249217628432
857.62506,0.0447596455133147
857.91223,0.0437977012748929
858.19934,0.0432636126805107
858.48651,0.0426695853113941
858.77362,0.0417612448552552
859.06079,0.0415785046883817
859.3479,0.0404318710546398
859.63507,0.0396502304475331
859.92218,0.0392696435933247
860.20929,0.038880772518218
860.4964,0.0379763305189723
860.78357,0.037273633663955
861.07068,0.0366138198347639
861.35779,0.0361079950528582
861.6449,0.0358979656877317
861.93195,0.0352669029781287
862.21906,0.0340140363940443
862.50616,0.0337089821421436
862.79327,0.0332947710972304
863.08032,0.0325837900213148
863.36743,0.0320696810185108
863.65448,0.0316866576287441
863.94159,0.0310361026346746
864.22864,0.0307948856144017
864.51575,0.0297627691519004
864.8028,0.0294893898622578
865.08984,0.0286224705106101
865.37689,0.0282964620529079
865.66394,0.0273160001442429
865.95099,0.0268355153321437
866.23804,0.0267156377826747
866.52509,0.0261912953305258
866.81213,0.0254208627869873
867.09918,0.0250358901687739
867.38617,0.024520319244635
867.67322,0.0243020056586102
867.96021,0.0241699454313496
868.24725,0.0235910245826946
868.53424,0.0230817886510072
868.82129,0.0224404924920593
869.10828,0.0221023013565655
869.39526,0.021768008677965
869.68231,0.0216695726414092
869.9693,0.0214025283442181
870.25629,0.0209839315353
870.54327,0.0203148588709874
870.83026,0.0201579459810321
871.11725,0.0195015433016226
871.40417,0.0191453218029973
871.69116,0.0190897687922678
871.97815,0.0187393949789824
872.26514,0.0183875592443621
872.55206,0.0180527792586499
872.83905,0.0177935318752455
873.12598,0.017768191905439
873.4129,0.0174797060953348
873.69989,0.0171137384544763
873.98682,0.0169280744449328
874.27374,0.0167555677274043
874.56067,0.0164841376662083
874.8476,0.0160908808270966
875.13452,0.0157731565902926
875.42145,0.0155426603264763
875.70837,0.0150499928365855
875.9953,0.0147629689478162
876.28223,0.0146986444090768
876.56915,0.0146450406267939
876.85602,0.014441346254119
877.14294,0.0140417544225557
877.42981,0.0135856349660396
877.71674,0.0133205398972952
878.0036,0.0131490077939899
878.29047,0.0130252317876277
878.57739,0.0126733960530073
878.86426,0.0126080969000445
879.15112,0.0125203816199453
879.43799,0.0122353069596227
879.72485,0.0119789834188882
880.01172,0.0118488724200743
880.29858,0.0116442034331761
880.58545,0.0114692601800892
880.87225,0.0111149879099106
881.15912,0.0110180137946897
881.44598,0.0106028281355532
881.73279,0.0101301402372406
882.01965,0.0101418356079205
882.30646,0.00990744088721082
882.59326,0.00952782864722571
882.88013,0.00919158674017857
883.16693,0.00895426817679892
883.45374,0.00874082766189073
883.74054,0.00843869725265996
884.02734,0.00815313528522573
884.31415,0.00785539063999992
884.60095,0.00760052902060042
884.88776,0.00725941404243665
885.17456,0.00709811538847636
885.4613,0.00682863455572698
885.74811,0.00662883863994534
886.03491,0.00644561116596023
886.32166,0.00606941007575676
886.60846,0.005923217942258
886.8952,0.00546368733596024
887.18195,0.00538279435542426
887.46875,0.0051703284547394
887.75549,0.00491010645711161
888.04224,0.00460505220521087
888.32898,0.0044564235361538
888.61572,0.00421179536609921
888.90247,0.00407486206772204
889.18921,0.00388676152262031
889.47595,0.00354808308001485
889.76263,0.00332830757265505
890.04938,0.0032133030943027
890.33612,0.00304761867633744
890.6228,0.0028439243036625
890.90955,0.00270406716261536
891.19623,0.00257444347091313
891.48297,0.00236002834178161
891.76965,0.00220555198738459
892.05634,0.00202573566318112
892.34302,0.00190878195638211
892.6297,0.00180547284870966
892.91638,0.00162078345338956
893.20306,0.00164319958052604
893.48975,0.00152380933816872
893.77643,0.00136884567666004
894.06311,0.00123776006362282
894.34979,0.00121095817248138
894.63641,0.00108815678034242
894.9231,0.00102919261983126
895.20972,9.14675448590562E-4
895.4964,8.78614722327535E-4
895.78302,7.4850372351364E-4
896.0697,6.56889986521085E-4
896.35632,6.19854646034733E-4
896.64294,6.1157042513647E-4
896.92957,6.23753102928033E-4
897.21619,6.06210046908182E-4
897.50281,5.90128912223319E-4
897.78943,6.0377351134987E-4
898.07605,6.37885009166247E-4
898.36267,5.66250863751855E-4
898.64923,5.95001983339944E-4
898.93585,5.9792582600992E-4
899.22247,5.66738170863518E-4
899.50903,5.89154297999994E-4
899.79565,5.64788942416868E-4
900.08221,5.66250863751855E-4
900.36884,5.28728216153841E-4
900.6554,5.90128912223319E-4
900.94196,5.85255841106694E-4
901.22852,5.73073163315131E-4
901.51508,5.68200092198505E-4
901.80164,5.52118957513642E-4
902.0882,5.34575901493791E-4
902.37476,5.83793919771706E-4
902.66132,5.45783965062029E-4
902.94788,5.34088594382129E-4
903.23438,5.68687399310168E-4
903.52094,5.91103526446644E-4
903.80743,5.58453949965255E-4
904.09399,5.57966642853592E-4
904.38049,5.77946234431756E-4
904.66705,6.0572273979652E-4
904.95355,5.84281226883369E-4
905.24005,6.28138866932996E-4
905.52655,6.34473859384609E-4
905.81305,5.89641605111657E-4
906.09961,5.97438518898257E-4
906.38605,5.85743148218356E-4
906.67255,5.80382769990069E-4
906.95905,5.80870077101731E-4
907.24554,6.05235432684857E-4
907.53204,6.29600788267984E-4
907.81848,6.55428065186098E-4
908.10498,5.95489290451607E-4
908.39142,5.94514676228282E-4
908.67792,5.73073163315131E-4
908.96436,6.12545039359795E-4
909.25079,6.0377351134987E-4
909.53729,6.09133889578158E-4
909.82373,5.57966642853592E-4
910.11017,5.71611241980143E-4
910.39661,5.91590833558307E-4
910.68304,5.81844691325056E-4
910.96948,5.56504721518605E-4
911.25592,5.5942856418858E-4
911.5423,5.64788942416868E-4
911.82874,5.44322043727042E-4
912.11517,5.86717762441681E-4
912.40155,6.0377351134987E-4
912.68799,5.72585856203468E-4
912.97437,5.53093571736967E-4
913.26074,5.91590833558307E-4
913.54718,4.92180182779151E-4
913.83356,5.37499744163766E-4
914.11993,5.68200092198505E-4
914.40631,5.31164751712153E-4
914.69269,5.54555493071955E-4
914.97906,5.29702830377166E-4
915.26544,5.1898207392059E-4
915.55182,4.97053253895777E-4
915.8382,5.47245886397017E-4
916.12451,5.00464403677414E-4
916.41089,5.37987051275429E-4
916.69727,5.41885508168729E-4
916.98358,5.06799396129027E-4
917.2699,5.13621695692303E-4
917.55627,5.51144343290317E-4
917.84259,5.04850167682377E-4
918.12891,4.93154797002476E-4
918.41522,5.34088594382129E-4
918.7016,5.43347429503717E-4
918.98792,5.31652058823816E-4
919.27417,5.6722547797518E-4
919.56049,4.61967141856075E-4
919.8468,5.33113980158804E-4
920.13312,5.2093130236724E-4
920.41943,5.0338824634739E-4
920.70569,5.56017414406942E-4
920.992,4.78048276540938E-4
921.27826,5.09723238799002E-4
921.56458,5.01926325012402E-4
921.85083,5.22393223702228E-4
922.13708,5.54555493071955E-4
922.42334,5.18494766808928E-4
922.70966,5.24829759260541E-4
922.99591,5.01926325012402E-4
923.28217,5.26778987707191E-4
923.56842,5.09723238799002E-4
923.85461,5.31652058823816E-4
924.14087,5.21905916590566E-4
924.42712,5.19956688143915E-4
924.71338,5.5163165040198E-4
924.99957,5.37012437052104E-4
925.28583,5.33113980158804E-4
925.57202,5.56992028630267E-4
925.85828,4.65378291637712E-4
926.14447,4.65865598749375E-4
926.43066,4.98515175230764E-4
926.71686,5.31164751712153E-4
927.00305,5.52606264625305E-4
927.28925,5.12647081468977E-4
927.57544,5.19469381032253E-4
927.86163,5.0338824634739E-4
928.14783,5.0728670324069E-4
928.43402,5.40423586833741E-4
928.72021,5.48707807732004E-4
929.00635,5.18494766808928E-4
929.29254,5.28240909042178E-4
929.57867,5.35063208605454E-4
929.86487,4.97540561007439E-4
930.151,5.25317066372203E-4
930.43713,5.49195114843667E-4
930.72333,4.87307111662526E-4
931.00946,4.96078639672452E-4
931.29559,5.6137779263523E-4
931.58173,4.96078639672452E-4
931.86786,5.39936279722079E-4
932.15399,5.0338824634739E-4
932.44006,5.5553010729528E-4
932.7262,5.05824781905702E-4
933.01233,5.42372815280392E-4
933.2984,4.83408654769226E-4
933.58453,5.54555493071955E-4
933.87061,5.26778987707191E-4
934.15674,5.19956688143915E-4
934.44281,5.07774010352352E-4
934.72888,5.54555493071955E-4
935.01501,5.08748624575677E-4
935.30109,5.34575901493791E-4
935.58716,4.89256340109176E-4
935.87323,5.09723238799002E-4
936.1593,4.88769032997514E-4
936.44531,5.36037822828779E-4
936.73138,5.6527624952853E-4
937.01746,5.09723238799002E-4
937.30353,5.21905916590566E-4
937.58954,5.41398201057067E-4
937.87561,5.32626673047141E-4
938.16162,5.21418609478903E-4
938.44763,4.97540561007439E-4
938.7337,4.84870576104214E-4
939.01971,5.72098549091806E-4
939.30573,5.51144343290317E-4
939.59174,5.35550515717116E-4
939.87775,5.24342452148878E-4
940.16376,5.18007459697265E-4
940.44977,5.1508361702729E-4
940.73578,5.13621695692303E-4
941.02173,5.36525129940441E-4
941.30774,5.48707807732004E-4
941.59375,4.89743647220839E-4
941.8797,5.1118516013399E-4
942.16571,5.29702830377166E-4
942.45166,5.37499744163766E-4
942.73761,4.92667489890814E-4
943.02356,5.10697853022327E-4
943.30957,4.87794418774189E-4
943.59552,5.82819305548381E-4
943.88147,4.77560969429276E-4
944.16742,5.33113980158804E-4
944.45337,5.63814328193543E-4
944.73926,5.11672467245652E-4
945.02521,5.25804373483866E-4
945.31116,5.21418609478903E-4
945.59705,5.19956688143915E-4
945.883,4.54657535181137E-4
946.16888,5.28728216153841E-4
946.45483,5.0923593168734E-4
946.74072,4.91692875667489E-4
947.02661,5.10210545910665E-4
947.31256,5.61865099746893E-4
947.59845,5.5747933574193E-4
947.88434,5.92565447781632E-4
948.17023,4.77073662317613E-4
948.45612,5.14596309915628E-4
948.74194,5.22880530813891E-4
949.02783,5.26778987707191E-4
949.31372,5.30677444600491E-4
949.59961,4.93642104114139E-4
949.88544,5.1898207392059E-4
950.17133,5.29702830377166E-4
950.45715,5.32626673047141E-4
950.74298,5.39936279722079E-4
951.02887,5.33113980158804E-4
951.3147,5.28728216153841E-4
951.60052,4.17622194694785E-4
951.88635,5.02413632124064E-4
952.17218,5.58941257076917E-4
952.45801,5.27266294818853E-4
952.74384,5.46758579285354E-4
953.0296,5.34575901493791E-4
953.31543,5.54555493071955E-4
953.60126,5.18007459697265E-4
953.88702,5.44809350838704E-4
954.17285,5.21418609478903E-4
954.45862,5.20443995255578E-4
954.74438,5.18007459697265E-4
955.03021,5.26778987707191E-4
955.31598,5.0728670324069E-4
955.60175,5.65763556640193E-4
955.88751,5.52118957513642E-4
956.17328,5.21905916590566E-4
956.45905,5.09723238799002E-4
956.74481,4.99002482342427E-4
957.03058,4.99002482342427E-4
957.31628,5.43347429503717E-4
957.60205,5.35550515717116E-4
957.88782,5.71123934868481E-4
958.17352,4.97540561007439E-4
958.45923,4.90230954332501E-4
958.745,5.24829759260541E-4
959.0307,5.24829759260541E-4
959.31641,5.06799396129027E-4
959.60211,5.23367837925553E-4
959.88782,4.77073662317613E-4
960.17352,5.2093130236724E-4
960.45923,4.47347928506199E-4
960.74493,5.05824781905702E-4
961.03064,4.93642104114139E-4
961.31635,5.04850167682377E-4
961.60199,5.14109002803965E-4
961.8877,5.22393223702228E-4
962.17334,5.17520152585603E-4
962.45905,5.1118516013399E-4
962.74469,4.98515175230764E-4
963.03033,4.93642104114139E-4
963.31598,4.87794418774189E-4
963.60168,5.26778987707191E-4
963.88733,4.63429063191062E-4
964.17297,5.0923593168734E-4
964.45856,4.77560969429276E-4
964.7442,4.61967141856075E-4
965.02985,4.74149819647638E-4
965.31549,4.72200591200988E-4
965.60107,4.66352905861038E-4
965.88672,4.69276748531013E-4
966.1723,4.52220999622824E-4
966.45795,5.18494766808928E-4
966.74353,4.72200591200988E-4
967.02911,4.50271771176174E-4
967.3147,5.06312089017365E-4
967.60034,4.92667489890814E-4
967.88593,5.1898207392059E-4
968.17151,5.1508361702729E-4
968.45703,5.00951710789077E-4
968.74261,4.97053253895777E-4
969.0282,4.50271771176174E-4
969.31378,4.85845190327539E-4
969.5993,4.55632149404462E-4
969.88489,4.11774509354835E-4
970.17041,4.69276748531013E-4
970.45599,4.87794418774189E-4
970.74152,4.668402129727E-4
971.02704,4.76586355205951E-4
971.31256,4.55144842292799E-4
971.59808,4.41987550277911E-4
971.88361,4.38089093384611E-4
972.16913,4.17134887583122E-4
972.45465,4.10312588019847E-4
972.74017,4.55632149404462E-4
973.0257,4.04952209791559E-4
973.31116,4.23957187146398E-4
973.59668,4.52708306734487E-4
973.88214,4.52220999622824E-4
974.16766,4.51733692511162E-4
974.45312,4.44911392947886E-4
974.73865,4.57581377851112E-4
975.02411,4.23469880034735E-4
975.30957,4.80972119210913E-4
975.59503,4.14211044913147E-4
975.88049,4.61967141856075E-4
976.16595,4.63916370302725E-4
976.45142,4.38089093384611E-4
976.73682,4.41012936054586E-4
977.02228,3.99591831563271E-4
977.30774,4.08850666684859E-4
977.59314,4.63429063191062E-4
977.8786,3.64993026635232E-4
978.164,4.18109501806447E-4
978.44946,4.42474857389574E-4
978.73486,4.18109501806447E-4
979.02026,4.45398700059549E-4
979.30566,4.01053752898259E-4
979.59106,4.50271771176174E-4
979.87646,4.27855644039698E-4
980.16187,4.02028367121584E-4
980.44727,4.22982572923073E-4
980.7326,4.14211044913147E-4
981.01801,4.16160273359797E-4
981.30341,4.03977595568234E-4
981.58875,4.47835235617862E-4
981.87415,4.14211044913147E-4
982.15948,3.84972618213396E-4
982.44482,3.65967640858557E-4
982.73022,3.7815031865012E-4
983.01556,3.99591831563271E-4
983.3009,4.15185659136472E-4
983.58624,4.23957187146398E-4
983.87158,3.99104524451609E-4
984.15692,3.90332996441683E-4
984.4422,3.84485311101733E-4
984.72754,3.75226475980145E-4
985.01288,4.07388745349872E-4
985.29816,3.40627671052106E-4
985.5835,3.91794917776671E-4
985.86877,3.85947232436721E-4
986.15405,3.85459925325058E-4
986.43939,3.7425186175682E-4
986.72467,4.03490288456572E-4
987.00995,3.71815326198507E-4
987.29523,3.92769531999996E-4
987.58051,3.63043798188582E-4
987.86578,3.94231453334984E-4
988.15106,3.71815326198507E-4
988.43628,3.7815031865012E-4
988.72156,3.92769531999996E-4
989.00684,3.58658034183619E-4
989.29205,4.33216022267986E-4
989.57733,3.67916869305207E-4
989.86255,3.50861120397019E-4
990.14777,3.7035340486352E-4
990.43298,3.59632648406944E-4
990.7182,4.11287202243172E-4
991.00348,3.69866097751857E-4
991.2887,3.92769531999996E-4
991.57385,4.09337973796522E-4
991.85907,3.82536082655083E-4
992.14429,4.03977595568234E-4
992.4295,3.86434539548383E-4
992.71466,4.22007958699748E-4
992.99988,4.21033344476423E-4
993.28503,3.86921846660046E-4
993.57025,3.85947232436721E-4
993.85541,3.68891483528532E-4
994.14056,3.92282224888334E-4
,
,
Date and Time:                Wed Apr 18 12:03:01 2018,
Software Version:             4.24.30004.0,
Temperature (C):              -20,
Model:                        DH740_18mm,
Data Type:                    Counts (Bg Corrected),
Acquisition Mode:             Accumulate,
Trigger Mode:                 Internal,
Exposure Time (secs):         0.1,
Accumulate Cycle Time (secs): 0.143,
Frequency (Hz):               6.993,
Number of Accumulations:      100,
Readout Mode:                 Full Vertical Binning,
Horizontal binning:           1,
Vertical Shift Speed (usecs): 16,
Pixel Readout Time (usecs):   16,
Serial Number:                3916,
Intelligate:                  off,
Insertion delay:              ultra fast,
Gain level:                   0,
Integrate on chip:            off,
Gate Mode:                    CW on,
Gate Width (nsecs):           1e+08,
Gate Delay (nsecs):           1890,
Spurious Noise Filter Mode:   No Filter,
Photon counted:               false,
Data Averaging Filter Mode:   No Filter,
SR303i:,
Wavelength (nm):              700.04,
Grating Groove Density (l/mm):150,
Grating Blaze:                5000,
Output Flipper Port:          Direct,
Input Side Slit Width (um):   1000,
