403.33542,1.19499440742617E-4,1.83067711424929E-4
403.62625,1.14719463112913E-4,1.04116513021035E-4
403.91708,1.87614121965909E-4,1.40269855115239E-4
404.20789,1.36229362446584E-4,9.92364096236807E-5
404.49872,1.31449384816879E-4,1.04363822768955E-4
404.78952,1.20694435150044E-4,1.90121482616558E-4
405.08035,7.40896532604227E-5,2.09850474725435E-4
405.37115,1.30254390409453E-4,2.19702536092142E-4
405.66196,7.88696308901274E-5,2.43755789387601E-4
405.95279,1.91199105188188E-5,3.33026196722881E-4
406.24359,8.84295861495368E-5,5.94785403920528E-4
406.53439,2.50948825559496E-5,6.73083644800391E-4
406.82523,1.20694435150044E-4,9.39202146342918E-4
407.11603,1.36229362446584E-4,0.00113018047562842
407.40683,7.64796420752751E-5,0.00138113897627753
407.69763,1.18304446335191E-4,0.00154152980042884
407.98843,1.45789317705993E-4,0.00169815039614593
408.27924,1.2188942955747E-4,0.00190473683732354
408.57007,8.72345917421107E-5,0.00196997619841014
408.86087,1.2188942955747E-4,0.00204845828830247
409.15167,1.36229362446584E-4,0.00218604455029285
409.44247,6.45296980010134E-5,0.00221747833997994
409.73325,1.33839373631731E-4,0.00236277066606825
410.02405,1.30254390409453E-4,0.00256902030449405
410.31485,9.91845358163724E-5,0.00266485222045442
410.60565,1.18304446335191E-4,0.00277186043581117
410.89645,1.36229362446584E-4,0.00306172899358579
411.18726,8.48446029272583E-5,0.00308510279585056
411.47806,5.73597315564563E-5,0.00326535459159593
411.76883,1.31449384816879E-4,0.0031857069061306
412.05963,5.97497203713087E-5,0.00335701264051067
412.35043,4.89947707044731E-5,0.00332042544219121
412.6412,6.81146812232919E-5,0.00347446853218724
412.93201,4.06298098524899E-5,0.00361858354100404
413.22278,1.41009340076288E-4,0.00364753721823876
413.51358,5.01897651118993E-5,0.00383008330159024
413.80435,1.51764289743124E-4,0.00390552051545713
414.09515,1.15914457520339E-4,0.0040697913489251
414.38593,1.57739261780255E-4,0.00411255819443651
414.67673,1.14719463112913E-4,0.0041941524963487
414.9675,6.2139709186161E-5,0.00427576976280068
415.25827,1.36229362446584E-4,0.00429819439594815
415.54907,7.88696308901274E-5,0.00437178568868078
415.83984,1.48179306520845E-4,0.00456925653230176
416.13062,8.2454614112406E-5,0.00452380872276618
416.42139,9.679454700152E-5,0.00448402719721081
416.71219,1.07549496668356E-4,0.004521057809211
417.00296,1.1232947429806E-4,0.00437769373825417
417.29373,8.48446029272583E-5,0.00448874134386768
417.5845,1.26669407187174E-4,0.00452979385476706
417.87527,9.08195749643892E-5,0.00445624836768615
418.16605,1.64909228224812E-4,0.00463243956585154
418.45682,1.54154278557976E-4,0.00457872902697416
418.74759,1.31449384816879E-4,0.00450994580399134
419.03836,1.44594323298567E-4,0.00440989112291424
419.32913,1.36229362446584E-4,0.00430469386134182
419.61987,1.08744491075782E-4,0.00459736211800854
419.91064,9.55995525940939E-5,0.00450984613313676
420.20142,1.79249161113926E-4,0.00447211875423483
420.49219,1.30254390409453E-4,0.00455468895084625
420.78293,9.55995525940939E-5,0.00459517537175395
421.0737,5.61647371490301E-5,0.004596407568273
421.36447,1.72079194669369E-4,0.00445834142618506
421.65521,1.25474412779748E-4,0.00460833143902368
421.94598,8.84295861495368E-5,0.0047817643078642
422.23672,1.55349272965403E-4,0.00458779233080015
422.5275,2.03149049262449E-5,0.00465430040461697
422.81824,1.81639149928778E-4,0.00469296507042343
423.10901,1.61324245002533E-4,0.00477126135781366
423.39975,9.08195749643892E-5,0.00458111240726382
423.69052,2.98748601856543E-5,0.00451282947667385
423.98126,1.11134479890634E-4,0.00475151169849404
424.272,1.97174077225319E-4,0.00468531080970048
424.56274,1.32644379224305E-4,0.00472698609776929
424.85352,1.54154278557976E-4,0.00464565124457357
425.14426,1.42204334483715E-4,0.00456932993229626
425.435,4.66047818896208E-5,0.00437110134329989
425.72574,1.5295928415055E-4,0.00452578934434745
426.01648,1.11134479890634E-4,0.00477596106651752
426.30722,2.50948825559496E-5,0.00466831905068211
426.59796,6.57246924084395E-5,0.00442138100945379
426.8887,7.28946588529966E-5,0.00455174368199399
427.17944,8.2454614112406E-5,0.00452337690500147
427.47018,1.14719463112913E-4,0.0044566776314266
427.76093,1.63714233817386E-4,0.00436575240156138
428.05167,1.18304446335191E-4,0.00440041758009654
428.34241,1.39814345668862E-4,0.00440678131426562
428.63312,5.73597315564563E-5,0.00425741538833908
428.92386,1.15914457520339E-4,0.00416527821831615
429.2146,9.55995525940939E-6,0.00407383506018331
429.50531,2.7484871370802E-5,0.00411065321429257
429.79605,1.18304446335191E-4,0.00406709958227571
430.08679,7.16996644455704E-5,0.00425370198389915
430.3775,1.05159507853503E-4,0.0041417931510654
430.66824,5.97497203713087E-6,0.00385777119306756
430.95895,8.84295861495368E-5,0.00403730365882584
431.24969,9.20145693718154E-5,0.00387388209467981
431.54041,1.17109451927765E-4,0.00400696602061555
431.83112,1.25474412779748E-4,0.00394474747773066
432.12186,1.26669407187174E-4,0.00373796691784474
432.41257,1.23084423964896E-4,0.00378496380002801
432.70328,1.35034368039158E-4,0.0039142193643257
432.99402,1.30254390409453E-4,0.00391645467448567
433.28473,2.62898769633758E-5,0.00389737787552436
433.57544,1.03964513446077E-4,0.00379445744806568
433.86615,1.2188942955747E-4,0.00376127873060955
434.15686,1.46984312113419E-4,0.00384685014047585
434.44757,1.45789317705993E-4,0.00374434651526665
434.73828,8.9624580556963E-5,0.00379293278247453
435.02899,7.28946588529966E-5,0.00357766404035041
435.3197,1.25474412779748E-4,0.00341617201495515
435.61041,7.05046700381442E-5,0.00366450690983395
435.90112,6.57246924084395E-5,0.00356626086886986
436.19183,1.94784088410466E-4,0.00366217071513201
436.48251,9.08195749643892E-5,0.00353876484763228
436.77322,1.17109451927765E-4,0.00349273872162057
437.06393,8.84295861495368E-5,0.00342156517862822
437.35464,1.1232947429806E-4,0.00343474370593147
437.64532,1.03964513446077E-4,0.00327818446638543
437.93604,3.10698545930805E-5,0.00343248975738357
438.22672,1.06354502260929E-4,0.00340478035444024
438.51743,1.17109451927765E-4,0.00347191502113579
438.80811,9.679454700152E-5,0.00347374388939052
439.09882,8.48446029272583E-5,0.00337579892650879
439.3895,1.3742435685401E-4,0.00363288419959878
439.68021,2.1868397655899E-4,0.00370220961153528
439.97089,1.54154278557976E-4,0.00360449546373132
440.26157,9.55995525940939E-5,0.00357912328102251
440.55225,8.2454614112406E-5,0.00359632956236769
440.84296,1.2188942955747E-4,0.00358449623115053
441.13364,1.08744491075782E-4,0.00364516147976523
441.42432,8.60395973346845E-5,0.00359423470978562
441.715,1.42204334483715E-4,0.00355524329883085
442.00568,1.14719463112913E-4,0.00369077189180404
442.29636,1.26669407187174E-4,0.00372299488456163
442.58704,1.25474412779748E-4,0.00374665021241021
442.87772,9.32095637792415E-5,0.00367613623679666
443.1684,9.44045581866677E-5,0.00346581496192164
443.45908,8.72345917421107E-5,0.00346749014810897
443.74976,1.19499440742617E-4,0.00365071515248522
444.04044,1.27864401594601E-4,0.00376127145989318
444.33109,1.44594323298567E-4,0.00376447586868155
444.62177,9.55995525940939E-5,0.0037362700632151
444.91245,1.02769519038651E-4,0.00378336181007513
445.20309,1.14719463112913E-4,0.00378238255921537
445.49377,6.2139709186161E-5,0.00381652062879222
445.78445,2.7484871370802E-5,0.00335468510861282
446.0751,4.54097874821946E-5,0.0038515776144304
446.36578,7.88696308901274E-5,0.00392537849880104
446.65643,8.2454614112406E-5,0.00383835229020475
446.94708,1.42204334483715E-4,0.00396917752338738
447.23776,1.56544267372829E-4,0.00410112103946836
447.52841,1.19499440742617E-4,0.00423287220117134
447.81906,4.66047818896208E-5,0.00421858537540085
448.10974,1.20694435150044E-4,0.0040973792924738
448.40039,1.26669407187174E-4,0.00419680743741783
448.69104,7.16996644455704E-5,0.00411016546291989
448.98169,1.01574524631225E-4,0.00446081458348536
449.27234,1.17109451927765E-4,0.00459592981259297
449.56299,6.69196868158657E-5,0.00444438342129245
449.85364,3.22648490005067E-5,0.00455521372021631
450.14429,1.97174077225319E-4,0.00471192683346394
450.43494,1.32644379224305E-4,0.00469726149848955
450.72559,9.20145693718154E-5,0.00483605878730254
451.01624,1.1232947429806E-4,0.00503064302955329
451.30688,1.55349272965403E-4,0.00529446063856182
451.59753,1.57739261780255E-4,0.00549934381428212
451.88815,8.9624580556963E-5,0.00527835822286299
452.1788,9.79895414089462E-5,0.00531541335428397
452.46945,1.42204334483715E-4,0.00568625466720158
452.76007,8.36496085198321E-5,0.00601934381391641
453.05072,7.05046700381442E-5,0.00593105741646734
453.34137,8.12596197049798E-5,0.00595088372830053
453.63199,1.01574524631225E-4,0.00616686038282558
453.92264,8.00646252975536E-5,0.00649246525185498
454.21326,8.2454614112406E-5,0.00651152452606522
454.50388,1.32644379224305E-4,0.00671677602282117
454.79453,9.55995525940939E-5,0.00696297020414232
455.08514,8.2454614112406E-5,0.00703056147908778
455.37576,8.60395973346845E-5,0.00729612844754231
455.66638,1.43399328891141E-4,0.00728466344673266
455.95703,1.64909228224812E-4,0.00749040914249054
456.24765,6.2139709186161E-5,0.00786607024934485
456.53827,9.20145693718154E-5,0.00798609404166716
456.82889,1.14719463112913E-4,0.00838263420331148
457.11951,1.38619351261436E-4,0.0087006811553812
457.41013,1.19499440742617E-5,0.00870821303296033
457.70074,1.25474412779748E-4,0.00905248000762114
457.99136,3.94348154450637E-5,0.00906359765190583
458.28195,1.72079194669369E-4,0.0096294218254881
458.57257,1.45789317705993E-4,0.0100053986120804
458.86319,7.16996644455704E-5,0.0101460393939012
459.15381,1.14719463112913E-4,0.010684946120834
459.4444,1.08744491075782E-4,0.0111842045797016
459.73502,1.90004110780762E-4,0.0110783397213448
460.02563,1.29059396002027E-4,0.0115423382668171
460.31622,1.87614121965909E-4,0.0119439453795601
460.60684,1.95979082817892E-4,0.0123636760900581
460.89743,9.55995525940939E-5,0.0128124952856881
461.18805,1.72079194669369E-4,0.0131161256340705
461.47864,1.02769519038651E-4,0.0137114270162944
461.76923,1.07549496668356E-4,0.0138057133518757
462.05984,2.7484871370802E-5,0.0140665700935198
462.35043,1.25474412779748E-4,0.014814985416839
462.64102,1.29059396002027E-4,0.0153623409596375
462.93161,1.24279418372322E-4,0.0154049600731872
463.2222,1.23084423964896E-4,0.0159426218269576
463.51279,7.16996644455704E-5,0.0166385697332843
463.80338,1.44594323298567E-4,0.0172964284254021
464.09396,6.69196868158657E-5,0.0178296845989568
464.38455,1.50569295335698E-4,0.0184074160371735
464.67514,0,0.0189815194619903
464.96573,1.61324245002533E-4,0.0196296580042932
465.25632,1.31449384816879E-4,0.0201289869535828
465.54691,2.62898769633758E-5,0.0207188842257419
465.83749,1.09939485483208E-4,0.0215069750500078
466.12805,1.3742435685401E-4,0.0221526308505824
466.41864,1.15914457520339E-4,0.0227122385180876
466.70923,1.97174077225319E-4,0.0238354928569892
466.99979,1.24279418372322E-4,0.0245307730917021
467.29037,1.51764289743124E-4,0.0254134617824389
467.58093,9.44045581866677E-5,0.0259452976662029
467.87152,3.94348154450637E-5,0.0272088979426784
468.16208,1.41009340076288E-4,0.0278924624828643
468.45264,1.43399328891141E-4,0.0283147248083968
468.74323,1.49374300928272E-4,0.0293849678108754
469.03378,1.07549496668356E-4,0.0303841779593786
469.32434,8.9624580556963E-5,0.0318378280174245
469.6149,1.17109451927765E-4,0.0320591699792238
469.90546,1.75664177891647E-4,0.0333544392756318
470.19601,1.63714233817386E-4,0.0344058443876254
470.4866,1.24279418372322E-4,0.035486663316268
470.77716,1.94784088410466E-4,0.0367421288198275
471.06772,1.3742435685401E-4,0.0381163802069824
471.35825,1.36229362446584E-4,0.039333496187369
471.6488,1.42204334483715E-4,0.0404860736347252
471.93936,1.67299217039664E-4,0.0418604936356227
472.22992,8.84295861495368E-5,0.0432079859533305
472.52048,1.45789317705993E-4,0.0447754339155584
472.811,1.55349272965403E-4,0.0462073182322236
473.10156,1.94784088410466E-4,0.048445943186881
473.39212,1.87614121965909E-4,0.0502127488419797
473.68265,1.51764289743124E-4,0.0512878007553845
473.97321,1.58934256187681E-4,0.0521776949762495
474.26373,1.49374300928272E-4,0.0537066398058637
474.55429,9.91845358163724E-5,0.0555892978959476
474.84482,1.64909228224812E-4,0.0568917898747056
475.13535,1.9358909400304E-4,0.0591018888191883
475.4259,9.20145693718154E-5,0.0610942094322286
475.71643,1.20694435150044E-4,0.0625898881941298
476.00696,1.24279418372322E-4,0.0649609770131136
476.29749,1.72079194669369E-4,0.066169073223511
476.58801,1.81639149928778E-4,0.0679898495930835
476.87854,8.00646252975536E-5,0.0707547690909331
477.16907,1.36229362446584E-4,0.0728561215365866
477.45959,1.57739261780255E-4,0.0756883375043204
477.75012,1.44594323298567E-4,0.0776534170897355
478.04065,1.26669407187174E-4,0.0811822542748918
478.33118,2.24658948596121E-4,0.083518326683505
478.6217,1.43399328891141E-4,0.0855436356308419
478.91223,8.84295861495368E-5,0.0886299190727506
479.20273,1.46984312113419E-4,0.0906003959628706
479.49326,1.44594323298567E-4,0.092716692554996
479.78378,1.14719463112913E-4,0.0961393935380117
480.07428,1.3742435685401E-4,0.100148971839448
480.36481,9.44045581866677E-5,0.101758757999219
480.6553,2.29438926225825E-4,0.104649038665044
480.9458,1.46984312113419E-4,0.107455499741313
481.23633,1.88809116373335E-4,0.111652173437673
481.52682,1.03964513446077E-4,0.114650617202159
481.81735,2.52143819966923E-4,0.117945365811208
482.10785,2.17488982151564E-4,0.121256791706836
482.39835,2.11514010114433E-4,0.124729642864783
482.68884,1.39814345668862E-4,0.128600176311841
482.97934,1.70884200261943E-4,0.132738821243017
483.26984,1.24279418372322E-4,0.135466881532929
483.56033,1.97174077225319E-4,0.13945959165589
483.85083,1.36229362446584E-4,0.142606301700599
484.14133,1.55349272965403E-4,0.146561549658532
484.43182,1.41009340076288E-4,0.150635433107262
484.72232,9.32095637792415E-5,0.155433736723307
485.01282,1.6251923940996E-4,0.159792398644195
485.30328,1.66104222632238E-4,0.164148450377188
485.59378,1.32644379224305E-4,0.169186051024021
485.88428,6.57246924084395E-5,0.173882882967574
486.17474,1.1232947429806E-4,0.17793967028595
486.46524,1.63714233817386E-4,0.182423069488183
486.75571,1.36229362446584E-4,0.190099539896211
487.0462,1.51764289743124E-4,0.194941417024162
487.33667,1.67299217039664E-4,0.198464663462758
487.62714,1.81639149928778E-4,0.204393128409498
487.91763,1.79249161113926E-4,0.208312870931802
488.2081,2.10319015707007E-4,0.211895385125612
488.49857,2.21073965373842E-4,0.218609785109206
488.78903,1.33839373631731E-4,0.226488980073734
489.07953,1.24279418372322E-4,0.23144284972275
489.37,1.13524468705486E-4,0.237658576781572
489.66046,1.84029138743631E-4,0.243642067858136
489.95093,2.05539038077302E-4,0.247559107960981
490.24139,1.42204334483715E-4,0.255041674140072
490.53183,2.21073965373842E-4,0.260554392594431
490.8223,1.6251923940996E-4,0.265965376345745
491.11276,7.16996644455704E-5,0.275023635140162
491.40323,2.3421890385553E-4,0.279873883946873
491.69366,1.57739261780255E-4,0.286662514295345
491.98413,1.55349272965403E-4,0.29371203571722
492.2746,1.31449384816879E-4,0.300838509723142
492.56503,6.09447147787348E-5,0.306837850939977
492.8555,1.23084423964896E-4,0.313736104736717
493.14594,7.64796420752751E-5,0.318770606576358
493.4364,6.81146812232919E-5,0.326230425515236
493.72684,1.03964513446077E-4,0.333981479312604
494.01727,1.46984312113419E-4,0.341275228328419
494.30771,1.39814345668862E-4,0.350731641826805
494.59818,1.26669407187174E-4,0.356903223923811
494.88861,1.33839373631731E-4,0.365445940379218
495.17905,1.24279418372322E-4,0.371582957820279
495.46948,1.2188942955747E-4,0.381930310664382
495.75992,2.15098993336711E-5,0.388640595394254
496.05035,1.39814345668862E-4,0.397235116678471
496.34079,2.46168847929792E-4,0.408745099718443
496.63123,9.44045581866677E-5,0.415395107048405
496.92163,1.24279418372322E-4,0.423120183856105
497.21207,8.2454614112406E-5,0.43222554770416
497.5025,1.05159507853503E-4,0.438849403918977
497.79294,2.98748601856543E-5,0.445667607436187
498.08334,1.32644379224305E-4,0.451527861364514
498.37378,1.1232947429806E-4,0.461878696215408
498.66418,1.14719463112913E-4,0.474466473771907
498.95462,1.56544267372829E-4,0.482633458267843
499.24503,1.31449384816879E-4,0.491235159152669
499.53543,2.07929026892154E-4,0.503039073096106
499.82587,1.74469183484221E-4,0.511254110630046
500.11627,1.88809116373335E-4,0.520077182157179
500.40668,1.07549496668356E-4,0.531044147543428
500.69708,9.679454700152E-5,0.540106203780943
500.98752,1.41009340076288E-4,0.546534008522416
501.27792,1.2188942955747E-4,0.556166700735702
501.56833,9.20145693718154E-5,0.562968597454204
501.85873,1.51764289743124E-4,0.573802227069017
502.14911,5.25797539267516E-5,0.58418554109782
502.43951,1.99564066040171E-4,0.591580299409636
502.72992,1.51764289743124E-4,0.599770900493305
503.02032,2.15098993336711E-4,0.609724300673601
503.31073,1.56544267372829E-4,0.617157781620111
503.6011,2.55728803189201E-4,0.627891649024414
503.89151,2.7484871370802E-4,0.636510056199121
504.18188,1.87614121965909E-4,0.641607319796672
504.47229,3.23843484412493E-4,0.653117885422194
504.76266,4.44537919562536E-4,0.668857967753264
505.05307,6.33347035935872E-4,0.675921617435224
505.34344,6.03472175750218E-4,0.684887149350859
505.63382,7.38506543789375E-4,0.693272901860829
505.92422,9.5241054271866E-4,0.706815437958777
506.2146,8.9624580556963E-4,0.709333830569954
506.50497,0.001141219659092,0.719100612959423
506.79535,0.00123681921168609,0.727132591294924
507.08572,0.00145072321061537,0.731868792099647
507.3761,0.00152361786946837,0.742145237674554
507.66647,0.00156902765695057,0.753319785954872
507.95685,0.00169091708650804,0.762223911776536
508.24722,0.00175425179010162,0.767106390054838
508.5376,0.00193469594562297,0.776498713357036
508.82794,0.00200042063803141,0.787416446431612
509.11832,0.00194545089528981,0.793761244310849
509.40869,0.00204224544229133,0.803856071186426
509.69904,0.00206495033603243,0.813341068270811
509.98941,0.0021868397655899,0.822111170730387
510.27975,0.00227885433496171,0.833669386517246
510.57013,0.00219281473762703,0.841107253480103
510.86047,0.00229080427903597,0.845651059542904
511.15082,0.00245690850166821,0.853620206698317
511.44119,0.00256206800952172,0.862150716326954
511.73154,0.00260747779700391,0.869779400300439
512.02191,0.00267320248941235,0.879560369113174
512.31226,0.00266842251178265,0.886983675401922
512.6026,0.00284289169526687,0.893467874796789
512.89294,0.00305799068860358,0.898925041238533
513.18329,0.00306994063267784,0.907597199042793
513.47363,0.0030818905767521,0.911960077605238
513.76392,0.00317988011816105,0.923197821948248
514.05426,0.00329340458686653,0.924131235023639
514.3446,0.00317271015171649,0.927631281931353
514.63495,0.00320019502308729,0.938024648717043
514.92529,0.00335793428486755,0.936253626784874
515.21564,0.00335315430723784,0.94770405173296
515.50592,0.00331730447501506,0.950837536128856
515.79626,0.00338900413946063,0.952789048383311
516.08661,0.00352403850749979,0.954550636021014
516.37695,0.0036160530768716,0.952299945605849
516.66724,0.00362322304331616,0.957743068773225
516.95758,0.00363636798179785,0.967718856441091
517.24786,0.0037893272659484,0.969351297789966
517.53821,0.00384071202546772,0.968203883943653
517.82855,0.00377857231628156,0.974297930827549
518.11884,0.00402593615861878,0.980603903170807
518.40918,0.00406059099643414,0.975507148957661
518.69946,0.0041000258118792,0.980753752948961
518.98981,0.00411317075036089,0.982452010358489
519.28009,0.00422072024702924,0.983197380952345
519.57037,0.00418128543158418,0.990637836723452
519.86072,0.00429600489469709,0.988575045985098
520.151,0.00424462013517777,0.989084724781811
520.44128,0.0043007848723268,0.995371687116747
520.73163,0.0042780799785857,0.992022939843209
521.02191,0.00439040945288376,0.993031333213489
521.31219,0.00456726862518283,0.995436369150823
521.60248,0.00457085360840511,0.996653748959339
521.89282,0.00450871389921895,0.990174405031926
522.18311,0.00456368364196056,0.990071142309193
522.47339,0.004483619016663,0.985798357953303
522.76367,0.00448003403344072,0.985911009641401
523.05396,0.00453739376499718,0.980324267231016
523.34424,0.00430795483877135,0.980502887053439
523.63452,0.00446808408936646,0.984171518254253
523.9248,0.00450512891599667,0.978449974711678
524.21509,0.00439996940814317,0.973808153544053
524.50537,0.00454814871466402,0.969099511714524
524.79565,0.00455531868110857,0.969237681691681
525.08594,0.00438921445847633,0.963842597950932
525.37622,0.00466764815540663,0.965196790616752
525.66644,0.004556513675516,0.96007159505638
525.95673,0.0045792185692571,0.952854243345081
526.24701,0.00456607363077541,0.952525822864826
526.53729,0.00449198397751499,0.950555947317928
526.82751,0.00440474938577287,0.945555345893289
527.1178,0.00441550433543971,0.933695016244823
527.40808,0.00428524994503026,0.934242656369258
527.6983,0.0043832394864392,0.932083120623822
527.98859,0.00461626339588731,0.928309163166892
528.27881,0.00454575872584916,0.923327344923122
528.56909,0.00448959398870013,0.916375376058132
528.85938,0.00450393392158925,0.91279737816095
529.1496,0.00441550433543971,0.909988611166328
529.43982,0.00456487863636798,0.896401792571015
529.7301,0.00443820922918081,0.889932371973333
530.02032,0.0046341883119987,0.884746805670856
530.31061,0.00465808820014722,0.874495260921351
530.60083,0.00453978375381203,0.870040151147757
530.89105,0.00441669932984714,0.861452191393992
531.18134,0.00458877852451651,0.864843326031413
531.47156,0.00460909342944275,0.849344718658307
531.76178,0.0047572727359636,0.846521318262489
532.052,0.00479312256818638,0.84005975125285
532.34229,0.00459116851333136,0.828090799456042
532.63251,0.00458280355247937,0.830817340588047
532.92273,0.00464494326166554,0.821859268001948
533.21295,0.00472022790933339,0.814483081949734
533.50317,0.00468796306033288,0.810397831369487
533.7934,0.00475368775274132,0.807129837676017
534.08362,0.0047847576073344,0.80107974277246
534.37384,0.00457324359721997,0.797071872764561
534.66406,0.00460072846859077,0.790713339245188
534.95428,0.0045111038880338,0.781540956712205
535.24451,0.00475846773037102,0.775803881203547
535.53473,0.00474890777511161,0.774908621657964
535.82489,0.00471425293729625,0.767719436718153
536.11511,0.00464972323929524,0.754624525726433
536.40533,0.00470110799881457,0.754967247460607
536.69556,0.00485406728296512,0.743393845643542
536.98578,0.00461984837910959,0.735484700170285
537.27594,0.00457443859162739,0.73480470581124
537.56616,0.00456607363077541,0.728660923238544
537.85638,0.00433782969895701,0.718852457977646
538.14655,0.00443820922918081,0.713996181118092
538.43677,0.00451229888244123,0.704447245437391
538.72693,0.00477041767444528,0.699839044080851
539.01715,0.00477758764088984,0.692485861552137
539.30731,0.00472381289255566,0.685993281801342
539.59753,0.0046114834182576,0.679424503790265
539.8877,0.00439518943051347,0.670506566041124
540.17792,0.00451707886007094,0.666003112815505
540.46808,0.00455412368670115,0.660226021704093
540.75824,0.00454456373144174,0.656511416321067
541.04846,0.00451229888244123,0.648889266160889
541.33862,0.00448600900547785,0.639136978992279
541.62878,0.00440833436899515,0.635619128700709
541.91895,0.00436292458151296,0.629216126405357
542.20917,0.00439160444729119,0.623625308590546
542.49933,0.00440235939695802,0.616907874360523
542.78949,0.00437965450321692,0.611246759373285
543.07965,0.00442984426832882,0.601799322937046
543.36981,0.00425179010162232,0.59938546469714
543.65997,0.004273300000956,0.593374767541967
543.95013,0.00416336051547279,0.585304807080906
544.2403,0.00412512069443515,0.578324000146922
544.53046,0.00405222603558215,0.570861391118991
544.82062,0.00413348565528713,0.567202289979971
545.11078,0.00407971090695296,0.560496032334409
545.40094,0.00405700601321186,0.553256424955855
545.6911,0.00412631568884258,0.549538120078674
545.98126,0.004273300000956,0.544732908013724
546.27136,0.00441789432425456,0.538766429288302
546.56152,0.00394826152213608,0.531611773248313
546.85168,0.0038215921149489,0.527765735341395
547.14185,0.00393870156687667,0.524370444642467
547.43195,0.00403669110828561,0.51349202548263
547.72211,0.00405700601321186,0.50823832073557
548.01227,0.00381322715409692,0.506433483668328
548.30237,0.00396857642706232,0.500687040253193
548.59253,0.0040498360467673,0.497247916717434
548.88263,0.00395423649417321,0.494861184187361
549.17279,0.00390524172346873,0.484904657981946
549.46289,0.00372240757913253,0.481669725829262
549.75305,0.0037439174784662,0.480486078191164
550.04315,0.00380844717646721,0.47405669657029
550.33325,0.00389329177939447,0.467889634699896
550.62341,0.00395184650535836,0.465533212604381
550.91351,0.00390404672906131,0.464851484179006
551.20361,0.00406178599084156,0.456605355441439
551.49377,0.00385624695276426,0.451307804527
551.78387,0.00388851180176477,0.446657616847343
552.07397,0.00370806764624342,0.445208015469614
552.36407,0.00374272248405877,0.44140620279183
552.65417,0.00381920212613405,0.434877367841796
552.94427,0.00384788199191228,0.433361077055257
553.23438,0.00371404261828055,0.425821520197239
553.52448,0.00375825741135531,0.422492796282192
553.81458,0.00380605718765236,0.419072144698141
554.10468,0.00377379233865186,0.417290515740771
554.39478,0.00358976319990822,0.41295335759023
554.68488,0.00349535864172156,0.409280520428058
554.97498,0.00340214907794232,0.407042144439622
555.26508,0.00363039300976071,0.405190969792619
555.55518,0.00369014273013202,0.401788380355884
555.84528,0.00358617821668595,0.396038633620058
556.13531,0.00351806353546265,0.392217144691407
556.42542,0.00366385285316865,0.390649838969991
556.71552,0.0035431584180186,0.389861550447229
557.00562,0.00353718344598147,0.385315594834917
557.29565,0.0035156735466478,0.381366176191076
557.58575,0.0034654837815359,0.37938887257338
557.87579,0.00337824918979379,0.378141836813606
558.16589,0.00362083305450131,0.373665541210511
558.45593,0.00341409902201658,0.3718837970391
558.74603,0.0033651042513121,0.368085275279846
559.03607,0.00322528990564324,0.364241037905708
559.32617,0.00344397388220223,0.360832766790059
559.61621,0.0034105140387943,0.355602130838997
559.90631,0.00340214907794232,0.354548658564846
560.19635,0.00344277888779481,0.353012749603424
560.48639,0.00347982371442502,0.346917134733719
560.77649,0.00351806353546265,0.345816200758248
561.06653,0.00343082894372054,0.341898975148807
561.35657,0.00336151926808983,0.335552522662906
561.64661,0.00342365897727599,0.333189613210883
561.93665,0.0036435379482424,0.329933368673272
562.22668,0.00369014273013202,0.328179332575385
562.51678,0.00370806764624342,0.325373593887974
562.80682,0.00365309790350181,0.324683071664893
563.09686,0.00353001347953692,0.319149827143475
563.3869,0.00356825330057455,0.318752757550847
563.67694,0.0036614628643538,0.315900195431804
563.96692,0.00358378822787109,0.311619884039532
564.25696,0.00351686854105523,0.306975317616763
564.547,0.00363756297620527,0.304264842732186
564.83704,0.00365190290909439,0.302258530393028
565.12708,0.00362800302094586,0.295701474941041
565.41711,0.00359454317753793,0.29208516690472
565.70709,0.00351447855224038,0.290504386391219
565.99713,0.00357064328938941,0.286079816040563
566.28717,0.00363995296502012,0.281844709347263
566.57715,0.00375347743372561,0.279763474026207
566.86719,0.00372360257353996,0.27614968193212
567.15723,0.00372001759031768,0.2732089422258
567.4472,0.00374989245050333,0.269324726109242
567.73724,0.0036937277133543,0.267265946674456
568.02722,0.00366504784757607,0.264033325865287
568.31726,0.00347743372561016,0.263238283613181
568.60724,0.00344277888779481,0.259273957840944
568.89722,0.0034607038039062,0.254586323424845
569.18726,0.00357900825024139,0.250784581281874
569.47723,0.0036710228196132,0.245567820321237
569.76721,0.00375108744491076,0.244496430751552
570.05725,0.003771402349837,0.241122307387616
570.34723,0.00376901236102215,0.237566114481739
570.63721,0.00374869745609591,0.235684902629366
570.92719,0.00373555251761422,0.234130839354492
571.21716,0.00377618232746671,0.231255645118364
571.50714,0.00378693727713354,0.228912671424555
571.79718,0.00376423238339245,0.225932150123988
572.08716,0.00381083716528207,0.222818254497012
572.37714,0.00385624695276426,0.220538227701853
572.66711,0.00350013861935126,0.21788531712517
572.95709,0.00332566943586704,0.216161580387031
573.24701,0.00371404261828055,0.214489544006825
573.53699,0.00396140646061776,0.209650181158007
573.82697,0.00396260145502519,0.20969974857285
574.11694,0.00382876208139346,0.206777898950751
574.40692,0.00383832203665287,0.205262439294126
574.69684,0.00396140646061776,0.202584145944193
574.98682,0.0039721614102846,0.200090218667164
575.27679,0.00404266608032274,0.196880838271705
575.56677,0.00417411546513962,0.194745150453252
575.85669,0.00423147519669608,0.194354199042032
576.14667,0.00423984015754806,0.192317748223192
576.43658,0.00421594026939954,0.190718558600761
576.72656,0.00408568587899009,0.189124910559739
577.01648,0.00410480578950891,0.184923708446964
577.30646,0.0042051853197327,0.184568043453238
577.59637,0.00418009043717675,0.182266245435743
577.88635,0.00409883081747177,0.180479224997014
578.17627,0.0043007848723268,0.179216920999426
578.46619,0.0045063239104041,0.178764298715953
578.7561,0.00460550844622047,0.17629601490406
579.04608,0.00458638853570165,0.176256224415873
579.336,0.00443103926273625,0.175386992645466
579.62592,0.00449078898310756,0.171024322960445
579.91583,0.00455890366433085,0.170124448909564
580.20575,0.00468318308270317,0.167859155605046
580.49573,0.00472620288137052,0.166172840694735
580.78564,0.00469632802118486,0.165709653704853
581.07556,0.00469871800999971,0.163623265397099
581.36548,0.00482538741718689,0.164121961407821
581.6554,0.00491979197537356,0.162706048277637
581.94525,0.00505243635459786,0.158989223198768
582.23517,0.00532848006271331,0.158125905543268
582.52509,0.00526753534793457,0.157451461961264
582.815,0.00552684913434605,0.155413298945346
583.10492,0.00542885959293711,0.154894368876552
583.39484,0.00527829029760141,0.152744569954883
583.68469,0.00529980019693508,0.152238215004757
583.97461,0.00532131009626875,0.150813675859756
584.26453,0.00563320363660698,0.149053525003112
584.55438,0.00575150808294217,0.147558603742817
584.8443,0.00602874678546504,0.144580559069181
585.13416,0.00597377704272344,0.143849744906793
585.42407,0.00592597726642639,0.141654038024076
585.71393,0.00584113266349914,0.140709619783779
586.00385,0.00601918683020564,0.13933449512256
586.2937,0.00610283643872547,0.136727235827191
586.58362,0.0062916455550988,0.135998686344148
586.87347,0.00649120962113897,0.134353639097714
587.16333,0.00651152452606522,0.132105126653779
587.45325,0.00651152452606522,0.129769372332231
587.7431,0.0065700792520291,0.129863607235357
588.03296,0.00685926789862623,0.126177992717809
588.32281,0.00699788724988767,0.124924188924406
588.61273,0.00684612296014455,0.122367838213642
588.90259,0.00703971205414759,0.119864633989817
589.19244,0.00736475053296751,0.120182209345073
589.4823,0.00726317600833628,0.11901060880559
589.77216,0.00721896121526151,0.117570535363087
590.06201,0.00738387044348632,0.114146533055937
590.35187,0.00748185998489527,0.112955404546298
590.64172,0.00755236465493342,0.111182631092942
590.93158,0.00792400791564296,0.110476356566695
591.22137,0.00795627276464346,0.108247950126338
591.51123,0.00800885251857021,0.106685208747376
591.80109,0.00836496085198321,0.104223597183091
592.09094,0.00842590556676195,0.103526387911004
592.38074,0.00869955928606254,0.101767243428584
592.67059,0.00878559888339723,0.0993168750523975
592.96045,0.00868043937554372,0.0973477993433436
593.25024,0.0090903224572909,0.0964007324680313
593.5401,0.0090078678431785,0.0954912754812111
593.8299,0.00906403258032753,0.0942387475851559
594.11975,0.00906164259151267,0.092329921049102
594.40955,0.00968901465541141,0.0900612186452426
594.6994,0.00991008862078526,0.0887233512690343
594.9892,0.0100618529105284,0.0870359860439908
595.27905,0.0101670124183819,0.085366127947364
595.56885,0.0101072626980106,0.0838120740879029
595.85864,0.0106557651310192,0.0830140393434405
596.14844,0.0110489182910624,0.0819727073273391
596.43829,0.0112186074969169,0.0812452668991863
596.72809,0.0112269724577689,0.0802932358378279
597.01788,0.010941368794394,0.0788713241701283
597.30768,0.0114468514287353,0.0774880713698279
597.59747,0.0118388095943711,0.0769815721323487
597.88727,0.0119475540854469,0.0753883268909933
598.17706,0.0123323422846381,0.0745057790987605
598.46686,0.0123777520721203,0.0736006441125183
598.75665,0.0127004005621254,0.0728402128564498
599.04645,0.0129716642926111,0.0714800020598467
599.33624,0.0130624838675755,0.0708646013255158
599.62604,0.0134556370276187,0.0694192798040099
599.91583,0.0137531906350678,0.0686485327984265
600.20557,0.0136886609370668,0.0692474666276041
600.49536,0.0138894199975144,0.0679048144136548
600.78516,0.0140113094270719,0.0668826257442648
601.07495,0.0141917535825932,0.0670568171134879
601.36469,0.0148012007303806,0.0661632543044594
601.65448,0.0152660535548694,0.0657100445128322
601.94421,0.015393917956464,0.0652676222336995
602.23401,0.0153986979340937,0.0643602203427034
602.52374,0.0154118428725754,0.0636751392229695
602.81354,0.0159137405236944,0.0631481759662754
603.10327,0.0160583348469929,0.0623600688144677
603.39307,0.0166869019052991,0.0605713629437174
603.6828,0.017311883980383,0.0612353830169799
603.97253,0.0172879840922344,0.0607304941718085
604.26233,0.0177014521572039,0.0599839392619741
604.55206,0.0180480005353575,0.0588386740749657
604.8418,0.0183563090924735,0.0587812022606683
605.13153,0.0189024215366672,0.0585378569514005
605.42126,0.0189992160836687,0.0583332285556611
605.711,0.0193899792548971,0.0566481064479662
606.00079,0.0198333221800522,0.0558898487743149
606.29053,0.0199850864697953,0.0550461688147168
606.58026,0.0205300039195817,0.0537740985248632
606.86993,0.0207212030247698,0.0530710246177728
607.15967,0.0208634073592536,0.0525788357112963
607.4494,0.0217680181256752,0.0520070999737985
607.73914,0.0220834966492357,0.0513343014417728
608.02887,0.0222424309054234,0.050424945891994
608.3186,0.0225746393506878,0.0498016798805134
608.60828,0.0234422052904792,0.0487035268718311
608.89801,0.0238879382044492,0.0483284195485899
609.18774,0.024538015162089,0.0472355372707854
609.47742,0.0245260652180148,0.0459955717368384
609.76715,0.0251892871141363,0.0449528283231676
610.05688,0.0258692389319618,0.0443082103372154
610.34656,0.0258991137921475,0.0434110876707366
610.63629,0.0267630947487166,0.0426880788905438
610.92596,0.0273366920642811,0.0409206818657875
611.2157,0.0278385897154001,0.0402072621960408
611.50537,0.0279461392120685,0.0395161738397194
611.79504,0.0282341328642582,0.0391315171649871
612.08478,0.028592631186486,0.0381944788722332
612.37445,0.0294279322772769,0.036539067890352
612.66412,0.030171218798696,0.0355994826824124
612.9538,0.030487892316664,0.0345482671953479
613.24347,0.0317677313270174,0.0338921818370635
613.5332,0.0319445904993165,0.0328751920288465
613.82288,0.0319672953930576,0.0315251235928308
614.11255,0.0327320918138103,0.030834702352871
614.40222,0.0334694033631923,0.0300055398940783
614.69189,0.0337107922334923,0.0288428559205474
614.98157,0.0349344665066968,0.0283803764701685
615.27124,0.0354339741690009,0.0279467665812674
615.56085,0.0356144183245222,0.0270373463174006
615.85052,0.036726958117836,0.0256991259019979
616.1402,0.0376698087052953,0.0250849920048554
616.42987,0.0382732808810455,0.0243586266788686
616.71954,0.0389436727436116,0.0234523476945666
617.00916,0.0397837538120322,0.022957725873629
617.29883,0.0403262812730036,0.0223370174005532
617.5885,0.0411759222966837,0.0221647562689407
617.87811,0.0419263787845473,0.0214287654239482
618.16779,0.0426780302668184,0.0204669711442704
618.4574,0.0435109413687944,0.0197025561074552
618.74707,0.0444490119786239,0.0192489401469181
619.03668,0.045354817739453,0.0186279238617503
619.32629,0.0461387340707246,0.018311415679429
619.61597,0.0469489402789595,0.017878488749316
619.90558,0.0487999866160626,0.017421387202672
620.19519,0.0496376776956684,0.0170886031628309
620.48486,0.0507167576455742,0.016564697652853
620.77448,0.0511206657552843,0.0161719378741173
621.06409,0.0517707427129241,0.0157273823905185
621.3537,0.052185405772301,0.0153904454886835
621.64331,0.0531593262143533,0.0153573914643176
621.93292,0.0539348775847729,0.014888932642123
622.22253,0.05511553205931,0.0142408680239519
622.51215,0.0562173169029569,0.0137632166377364
622.80176,0.0567490894142615,0.0134993050635955
623.09137,0.0576740150856094,0.013371027395684
623.38098,0.059299207479709,0.0130568318951158
623.67059,0.0603161477204287,0.0127348126066772
623.96021,0.0616067416804489,0.0121682352403825
624.24976,0.0620249897230481,0.0119082030452587
624.53937,0.0637505616473715,0.0116753712894185
624.82898,0.0649204611722417,0.0112739958104231
625.11853,0.0657043775035133,0.0107356824406175
625.40814,0.0663030697016338,0.0104997211135255
625.69775,0.0669423917096068,0.00976658407713484
625.9873,0.06903482691701,0.00962269081921937
626.27692,0.070459260250662,0.00891016589967453
626.56647,0.0717725591044234,0.00860497602677707
626.85608,0.0729137787635154,0.00808834579744681
627.14563,0.0743406020859822,0.00774807431454281
627.43518,0.0763398277296062,0.00707930192759904
627.72479,0.0770627993460991,0.00690953181455627
628.01434,0.0785445924113075,0.00633371679921663
628.30389,0.0809417511926044,0.0059312935075304
628.59344,0.0828931770599314,0.00551573208695254
628.883,0.0836304886093133,0.00504425857874931
629.17261,0.0843713851419175,0.00459077214345771
629.46216,0.086419605556246,0.00435050291044434
629.75171,0.0883758114012027,0.00376332469683598
630.04126,0.0892314273969198,0.00365500774047417
630.33081,0.0905686261388297,0.00323463188744915
630.62036,0.092036079271149,0.00284754916434571
630.90985,0.0929478600040152,0.00260887013554332
631.1994,0.0948646310335268,0.00235848328609469
631.48895,0.0975700983719396,0.00210456384151216
631.7785,0.09966850855138,0.00173573230121742
632.06805,0.102121832069826,0.00159341158280368
632.35754,0.101727483915375,0.00135341059580821
632.64709,0.103641864956072,0.00118713408256036
632.93665,0.105202527652171,0.00102524096690492
633.22614,0.106275632630039,7.92141950640782E-4
633.51569,0.109462682714645,5.5620100569087E-4
633.80518,0.111571847843752,4.87700726582794E-4
634.09473,0.112416708889802,4.20737130443698E-4
634.38422,0.115141296138734,4.5527081934093E-4
634.67371,0.116804728353871,3.86119702220159E-4
634.96326,0.118898358555682,4.13293254708142E-4
635.25275,0.120879659283195,4.40232403639531E-4
635.54224,0.122277802739883,3.61484216357866E-4
635.83179,0.124743076202403,3.81751755766387E-4
636.12128,0.12739118380926,
636.41077,0.129071345946101,
636.70026,0.132211791248817,
636.98975,0.133397225700984,
637.27924,0.135011663145416,
637.56873,0.137695620584496,
637.85822,0.139667361356749,
638.14771,0.141530357637926,
638.43719,0.143266684511916,
638.72668,0.145285030066059,
639.01617,0.148988317734673,
639.3056,0.150440235939696,
639.59509,0.153231742875443,
639.88458,0.156001739911857,
640.17407,0.158101345085705,
640.4635,0.161352924868312,
640.75299,0.163785933481831,
641.04242,0.165264141563818,
641.33191,0.169305612649733,
641.62134,0.171988375094405,
641.91083,0.174711767348929,
642.20026,0.176715772970183,
642.48969,0.17962319436345,
642.77917,0.181508895538369,
643.0686,0.187763496266838,
643.35803,0.190443868722694,
643.64746,0.193151726049922,
643.93689,0.196149967018154,
644.22638,0.197586350295881,
644.51581,0.200313327533627,
644.80524,0.204284293949504,
645.09467,0.206577488217355,
645.38409,0.208822882708909,
645.67346,0.210408640287563,
645.96289,0.213391346328499,
646.25232,0.217571436765676,
646.54175,0.222210405055304,
646.83118,0.226717923960116,
647.12054,0.229374396527824,
647.40997,0.232439557182872,
647.6994,0.235988690572928,
647.98877,0.240160416049253,
648.2782,0.243428725753564,
648.56757,0.245124422817701,
648.85699,0.247984044434672,
649.14636,0.251553492729654,
649.43579,0.257598969436823,
649.72516,0.259818074051413,
650.01453,0.262251082664933,
650.30389,0.265791851094137,
650.59332,0.271901857499307,
650.88269,0.276042513121039,
651.17206,0.278258032752407,
651.46143,0.281626721986941,
651.75079,0.285503283844632,
652.04016,0.291146047436498,
652.32953,0.293901704540023,
652.6189,0.297282343718631,
652.90826,0.302695668384272,
653.19763,0.305272076326683,
653.487,0.30936373717771,
653.77631,0.313418353202107,
654.06567,0.316343699511486,
654.35504,0.319252315899162,
654.64441,0.323480206112635,
654.93372,0.328389243138342,
655.22308,0.332650593195224,
655.51239,0.337301511428927,
655.80176,0.341180463275432,
656.09106,0.349050696442741,
656.38043,0.351328355783295,
656.66974,0.355047178379205,
656.95905,0.359046824660861,
657.24841,0.364665688364578,
657.53772,0.368772884142902,
657.82703,0.371840434786765,
658.11633,0.378662657858761,
658.40564,0.383750944045582,
658.69495,0.386927239180521,
658.98425,0.391579352408631,
659.27356,0.396556504115561,
659.56287,0.403744395476229,
659.85217,0.409838866954103,
660.14148,0.411527394051796,
660.43079,0.418602955938166,
660.72009,0.42173981625766,
661.0094,0.42680061757311,
661.29865,0.432230672160454,
661.58795,0.433941904151889,
661.87726,0.440709157481143,
662.1665,0.444725533684502,
662.45581,0.446811993919868,
662.74506,0.450724405609782,
663.03436,0.45524267946426,
663.32361,0.462582335114672,
663.61292,0.469694941827672,
663.90216,0.47726403640431,
664.19141,0.480835874688107,
664.48071,0.485873971109815,
664.76996,0.490696968538187,
665.0592,0.497170253243215,
665.34845,0.504419089318662,
665.6377,0.509865873827711,
665.92694,0.512455426708603,
666.21619,0.518995631100446,
666.50543,0.523114776822844,
666.79468,0.531131994302267,
667.08392,0.536778342877355,
667.37317,0.541429261111058,
667.66241,0.544200453141879,
667.9516,0.549478743439481,
668.24084,0.556136057283252,
668.53009,0.556317696433181,
668.81927,0.563745781669742,
669.10852,0.570024282286359,
669.39777,0.576099633853714,
669.68695,0.583999741881208,
669.97614,0.58453270938692,
670.26538,0.591112348594209,
670.55457,0.597331099490454,
670.84381,0.600373555251762,
671.133,0.607591321472616,
671.42218,0.611625622592086,
671.71136,0.61483657256484,
672.00061,0.623920920050094,
672.28979,0.627963586130417,
672.57898,0.632339655650412,
672.86816,0.638221418123763,
673.15735,0.640375993040353,
673.44653,0.643200959819508,
673.73572,0.651933978948979,
674.0249,0.659210299895796,
674.31403,0.670053679148782,
674.60321,0.674019865587029,
674.8924,0.677104146152596,
675.18158,0.68472582048316,
675.4707,0.685195453285279,
675.75989,0.692794422722102,
676.04901,0.699580795961875,
676.3382,0.708651998508647,
676.62732,0.705370543865855,
676.9165,0.712925298509603,
677.20563,0.718890710591474,
677.49481,0.719724816687858,
677.78394,0.727293911264495,
678.07306,0.729775914648719,
678.36218,0.732740695773544,
678.65137,0.737966406317218,
678.94049,0.747619571140407,
679.22961,0.75287396154986,
679.51874,0.755658298519163,
679.80786,0.763057703889946,
680.09698,0.766811181323671,
680.38611,0.767291569075457,
680.67523,0.775650554955403,
680.96436,0.778132558339627,
681.25342,0.78742602984618,
681.54254,0.787287410494919,
681.83167,0.795416957448639,
682.12079,0.804687724061452,
682.40985,0.803099576493982,
682.69897,0.811646176495894,
682.98804,0.818397894897852,
683.27716,0.822193197135837,
683.56622,0.833880242440465,
683.85535,0.833581493838609,
684.14441,0.838841859220099,
684.43347,0.844069959752588,
684.7226,0.844095054635144,
685.01166,0.853780484307334,
685.30072,0.853600040151812,
685.58978,0.8615634828829,
685.87885,0.862517088420026,
686.16791,0.868406020859822,
686.45697,0.872405667141478,
686.74603,0.879060590996434,
687.0351,0.886103888033804,
687.32416,0.887205672877451,
687.61322,0.894350544439452,
687.90228,0.892672772291426,
688.19128,0.897670238903282,
688.48035,0.902612735772397,
688.76941,0.907691462003958,
689.05841,0.910392149364741,
689.34747,0.912602889018479,
689.63654,0.922599017236599,
689.92554,0.923969675821917,
690.21454,0.923332743802759,
690.5036,0.928178446124872,
690.7926,0.927565413993863,
691.08167,0.935824020343585,
691.37067,0.939371958739233,
691.65967,0.933897689358814,
691.94867,0.940663747693661,
692.23767,0.947869563970441,
692.52667,0.945695869143332,
692.81567,0.95209028421747,
693.10468,0.953966425437129,
693.39368,0.951753295794576,
693.68268,0.953101249486152,
693.97168,0.958677093391203,
694.26068,0.952221733602287,
694.54968,0.955018020515664,
694.83862,0.958824077703316,
695.12762,0.968612276894544,
695.41663,0.966599906312439,
695.70557,0.968356548091355,
695.99457,0.974136736040075,
696.28351,0.96754634188312,
696.57251,0.976554209726299,
696.86145,0.972963251531983,
697.15045,0.979443706203455,
697.43939,0.982698870969284,
697.72833,0.974869267611828,
698.01733,0.982400122367427,
698.30627,0.98037460684684,
698.59521,0.986063975220596,
698.88416,0.979388736460713,
699.1731,0.981496706595413,
699.46204,0.987809862049846,
699.75098,0.990644388784261,
700.03992,0.991748563616722,
700.32886,0.987377274074357,
700.6178,0.989773237861247,
700.90668,0.988257984952631,
701.19562,0.995853369406231,
701.48456,0.993218406737857,
701.7735,0.991906302878503,
702.06238,0.998328202824011,
702.35132,0.990046891580547,
702.6402,1,
702.92914,0.987603128017361,
703.21802,0.997458246895405,
703.5069,0.989135110847681,
703.79584,0.990394634953109,
704.08472,0.988116975612554,
704.3736,0.991645794097684,
704.66248,0.985525032742847,
704.95142,0.986492978212862,
705.2403,0.985970765656817,
705.52917,0.980483351337916,
705.81805,0.980268252344579,
706.10693,0.979742454805312,
706.39581,0.981366452205004,
706.68469,0.986296999130044,
706.97351,0.975505004636578,
707.26239,0.978686079749147,
707.55127,0.972445818953567,
707.84015,0.974527499211304,
708.12897,0.971567498064109,
708.41785,0.965128868196897,
708.70667,0.969471477873484,
708.99554,0.967387407626932,
709.28436,0.96317266235194,
709.57324,0.966431412100991,
709.86206,0.964264887240328,
710.15088,0.961874898425475,
710.43976,0.955840176667973,
710.72858,0.952896905442483,
711.0174,0.95135655765131,
711.30621,0.952901685420112,
711.59503,0.951679206141315,
711.88385,0.949366891962946,
712.17267,0.947408296129174,
712.46149,0.938781631501965,
712.75031,0.933392206724473,
713.03912,0.941414204181525,
713.32794,0.93075604906169,
713.61676,0.933318117071212,
713.90552,0.930245786449719,
714.19434,0.928587134212212,
714.48315,0.926467214133438,
714.77191,0.922817701213158,
715.06073,0.919220768046806,
715.34949,0.914394185635211,
715.63831,0.915178101966483,
715.92706,0.907708191925662,
716.21582,0.910444729118668,
716.50464,0.900962448495741,
716.7934,0.895095025955279,
717.08215,0.897274695754424,
717.37091,0.882784193569974,
717.65967,0.887065858531782,
717.94849,0.877240614513924,
718.23724,0.87439652782425,
718.52594,0.872175033220845,
718.8147,0.869102702599352,
719.10345,0.862231484756651,
719.39221,0.860394778352437,
719.68097,0.866948127682763,
719.96973,0.853251101784844,
720.25842,0.848828427482959,
720.54718,0.847032350888598,
720.83594,0.846198244792214,
721.12463,0.840052388554822,
721.41339,0.840073898454155,
721.70209,0.827913635364187,
721.99078,0.830377713832299,
722.27954,0.830926216265308,
722.56824,0.818462424595853,
722.85693,0.82485683966999,
723.14569,0.814186734606082,
723.43439,0.815323174287544,
723.72308,0.810350802558244,
724.01178,0.80548239534239,
724.30048,0.807769614638204,
724.58917,0.801997791650335,
724.87787,0.799957936196859,
725.16656,0.797578702331673,
725.4552,0.794760905518962,
725.7439,0.790311941340115,
726.03259,0.784384769079281,
726.32129,0.779938194889248,
726.60992,0.779443467204574,
726.89862,0.769594323298567,
727.18726,0.7752155769911,
727.47595,0.772130101431125,
727.76459,0.766812376318079,
728.05328,0.762756565299274,
728.34192,0.748218263338528,
728.63055,0.755553139011309,
728.91925,0.75352881848513,
729.20789,0.743414385820674,
729.49652,0.742354425781287,
729.78516,0.733188818676329,
730.07379,0.737021165740944,
730.36243,0.732400122367427,
730.65106,0.729508235901456,
730.9397,0.725469154804356,
731.22833,0.718429442750208,
731.51697,0.715151573090638,
731.8056,0.713427196160722,
732.09418,0.703714281617162,
732.38281,0.705545013049339,
732.67145,0.700694530749596,
732.96002,0.694139986424864,
733.24866,0.692218435417722,
733.53723,0.685484641931876,
733.82587,0.686345037905223,
734.11444,0.681311721461144,
734.40302,0.675443103926274,
734.69165,0.670603376576198,
734.98022,0.668736795311798,
735.2688,0.665242631664484,
735.55737,0.664876963375811,
735.84595,0.655808150817854,
736.13452,0.658717962199937,
736.4231,0.649650344636387,
736.71167,0.64886881829393,
737.00024,0.642798246704205,
737.28882,0.637600021031902,
737.57739,0.638049338929094,
737.86591,0.632461545079969,
738.15448,0.629562488647553,
738.44305,0.62747005344015,
738.73157,0.62318002351749,
739.02014,0.624136019043431,
739.30865,0.612605518006176,
739.59723,0.612885146697513,
739.88574,0.608302343145034,
740.17432,0.601291310956665,
740.46283,0.607054768983681,
740.75134,0.59769079280709,
741.03986,0.59614447004388,
741.32843,0.591106373622171,
741.61694,0.585616569314456,
741.90546,0.584505224515549,
742.19397,0.578383268166305,
742.48248,0.573175482538742,
742.771,0.570057742129767,
743.05945,0.56794379702303,
743.34796,0.566377159354894,
743.63647,0.560838360276474,
743.92499,0.559161783122855,
744.21344,0.552847432674015,
744.50195,0.553294360582393,
744.79047,0.547655181973748,
745.07892,0.545667906274199,
745.36743,0.543313767291569,
745.65588,0.539365505769433,
745.94434,0.534695467625212,
746.23285,0.531106899419711,
746.5213,0.532606617401031,
746.80975,0.524408955766087,
747.09821,0.525875213903999,
747.38666,0.521198005793333,
747.67511,0.513446077072359,
747.96356,0.514313643012151,
748.25201,0.506566494268807,
748.54047,0.507325315717522,
748.82892,0.505594963815569,
749.11737,0.501690917086508,
749.40582,0.497620766134815,
749.69421,0.497239562918846,
749.98267,0.494303461659799,
750.27112,0.495089767979886,
750.55951,0.485121124633137,
750.84796,0.484629981931685,
751.13635,0.482478991998318,
751.4248,0.47777907899391,
751.7132,0.480774929973328,
752.00159,0.473545213808399,
752.29004,0.474350640039005,
752.57843,0.467780560786976,
752.86682,0.468078114394425,
753.15521,0.465575796105274,
753.4436,0.465142013135379,
753.73199,0.464791879774003,
754.02039,0.457613548368594,
754.30878,0.455817471774232,
754.59717,0.450986109385008,
754.88556,0.452084309245433,
755.17389,0.446715199372867,
755.46228,0.444387350267201,
755.75067,0.445472405189144,
756.039,0.441175205300039,
756.32739,0.44164842308538,
756.61572,0.434560911254935,
756.90411,0.435999684521476,
757.19244,0.433227297496248,
757.48077,0.427273835358451,
757.76917,0.425149135302047,
758.0575,0.422437692991597,
758.34583,0.422570337370821,
758.63416,0.418808494976244,
758.92249,0.420597401604161,
759.21082,0.41683675420399,
759.49915,0.41748683116163,
759.78748,0.410070695869143,
760.07581,0.408821926713383,
760.36414,0.410157930460886,
760.65247,0.407006730208503,
760.9408,0.407477558005029,
761.22906,0.404645421259429,
761.5174,0.400021987897097,
761.80566,0.403296272573444,
762.09399,0.395172700591761,
762.38226,0.398360945670774,
762.67059,0.392207919466937,
762.95886,0.394692312839976,
763.24719,0.389198923549038,
763.53546,0.388737655707771,
763.82373,0.391138399472291,
764.112,0.384728449470856,
764.40027,0.387657380763458,
764.68854,0.380912832327945,
764.97681,0.37924342514077,
765.26508,0.379462109117329,
765.55334,0.379592363507739,
765.84161,0.375942850587459,
766.12988,0.373785885682055,
766.41815,0.372858570021892,
766.70636,0.371728105312467,
766.99463,0.368137147118151,
767.2829,0.368049912526409,
767.57111,0.364555748879095,
767.85938,0.363593778381117,
768.14758,0.361089070103152,
768.43579,0.356797845186085,
768.72406,0.355288567249505,
769.01227,0.354426976281751,
769.30048,0.354658805196792,
769.58868,0.354318231790675,
769.87689,0.349250260508781,
770.16516,0.346893731537336,
770.45337,0.3447797864306,
770.74158,0.346213779719511,
771.02972,0.343001634752349,
771.31793,0.340581771077311,
771.60614,0.33595833771498,
771.89435,0.33380376279839,
772.18256,0.333136955919046,
772.4707,0.329041710084797,
772.75891,0.33040519870367,
773.04706,0.329034540118352,
773.33527,0.326823800464614,
773.62341,0.325686165788744,
773.91162,0.323076298002925,
774.19977,0.324960804183436,
774.48792,0.31997289752684,
774.77606,0.318567584103706,
775.06427,0.320183216542547,
775.35242,0.315692427559439,
775.64056,0.316129795512557,
775.92871,0.311680831333709,
776.21686,0.311603156697227,
776.505,0.308517681137252,
776.79315,0.305538560079539,
777.08124,0.304685334072637,
777.36938,0.303009951913425,
777.65753,0.30224635048708,
777.94562,0.298779671711136,
778.23376,0.294488446794069,
778.52191,0.293605345926981,
778.81,0.29023068172041,
779.09808,0.291523665669245,
779.38623,0.285980086613195,
779.67432,0.28608883110427,
779.9624,0.284046585661979,
780.25055,0.280661166505741,
780.53864,0.280784250929706,
780.82672,0.278124193378775,
781.11481,0.276349626683747,
781.40289,0.274643174669943,
781.69098,0.272957037561064,
781.97906,0.270417674445284,
782.26715,0.268546313203254,
782.55518,0.267771956827242,
782.84326,0.266179029282143,
783.13135,0.264102129002036,
783.41943,0.262755370304867,
783.70746,0.263370792424691,
783.99554,0.260606770360315,
784.28357,0.258035142395534,
784.57159,0.255078726231561,
784.85968,0.253124910375419,
785.14771,0.250750456487864,
785.43573,0.249422817701213,
785.72382,0.244063267783907,
786.01184,0.244248491917058,
786.29987,0.244795799355659,
786.58789,0.241385285316865,
786.87592,0.239977581904917,
787.16394,0.237358154163839,
787.45197,0.236938711126832,
787.73993,0.235023135091728,
788.02795,0.234647906847796,
788.31598,0.233316683077923,
788.604,0.231289972562928,
788.89197,0.231009148877183,
789.17999,0.228560605336367,
789.46796,0.227117052092196,
789.75598,0.22510946148772,
790.04395,0.223573893674178,
790.33191,0.221243654579697,
790.61993,0.220592382627649,
790.9079,0.219662676978672,
791.19586,0.217419672475933,
791.48383,0.217460302285785,
791.77179,0.214993833828858,
792.05975,0.215433591770791,
792.34772,0.211812758716289,
792.63568,0.209639063889181,
792.92365,0.211020477424166,
793.21161,0.209208865902508,
793.49951,0.207045926025066,
793.78748,0.206467548731872,
794.07544,0.205513943194746,
794.36334,0.204241274150837,
794.65131,0.202463122472587,
794.93921,0.201577631616684,
795.22717,0.199345382063612,
795.51508,0.197619810139289,
795.80298,0.19577593376863,
796.09094,0.194798428343355,
796.37885,0.194404080188905,
796.66675,0.194346720457348,
796.95465,0.194378985306349,
797.24255,0.190967276273147,
797.53046,0.191662763018269,
797.81836,0.188874841065744,
798.10626,0.18925723927612,
798.3941,0.187450407732092,
798.68201,0.184323107367858,
798.96991,0.184850099901532,
799.25775,0.184330277334302,
799.54565,0.18249715591331,
799.83356,0.181664244811334,
800.1214,0.180478810359168,
800.40924,0.180513465196983,
800.69714,0.178777138322993,
800.98499,0.178803428199956,
801.27283,0.178722168580251,
801.56073,0.176207900347026,
801.84857,0.176615393439959,
802.13641,0.176237775207212,
802.42426,0.175964121487911,
802.7121,0.175122845425083,
802.99994,0.171602391900806,
803.28772,0.170229343326673,
803.57556,0.170210223416154,
803.8634,0.169660525988738,
804.15125,0.167638595451373,
804.43903,0.166775809489212,
804.72687,0.165812643996826,
805.01465,0.1655832050706,
805.30249,0.165933338431976,
805.59027,0.163674799001941,
805.87811,0.163139441507414,
806.16589,0.164321290976358,
806.45367,0.16353139967305,
806.74146,0.162074701490397,
807.02924,0.159434958844393,
807.31708,0.157957945756814,
807.60486,0.158100150091298,
807.89264,0.158798026825234,
808.18036,0.1570545299848,
808.46814,0.154852155291913,
808.75592,0.155957525118782,
809.0437,0.154866495224802,
809.33142,0.154981214687915,
809.6192,0.152695190386509,
809.90698,0.152275747349502,
810.1947,0.152223167595576,
810.48248,0.151416546370563,
810.7702,0.150074567651023,
811.05792,0.149478265441718,
811.3457,0.147180291196237,
811.63342,0.147591369272392,
811.92114,0.145515663986693,
812.20886,0.144090035658633,
812.49658,0.144809422291904,
812.7843,0.142358488762273,
813.07202,0.141732311692781,
813.35974,0.141116889572957,
813.64746,0.140644866782023,
813.93518,0.139860950450752,
814.22284,0.138981434566886,
814.51056,0.136602200701701,
814.79828,0.136976233951225,
815.08594,0.136060868235137,
815.37366,0.135174182384826,
815.66132,0.134156047149699,
815.94897,0.132140091584371,
816.23669,0.13207556188637,
816.52435,0.12989350209841,
816.81201,0.129446574190033,
817.09967,0.129891112109595,
817.38733,0.127888301482749,
817.67499,0.125607057158973,
817.96265,0.126288203971205,
818.25031,0.123479967113754,
818.53796,0.12249768171085,
818.82562,0.121912134451211,
819.11328,0.119774289456325,
819.40088,0.120313231934075,
819.68854,0.120124422817701,
819.9762,0.118833828857681,
820.26379,0.119244906933836,
820.55145,0.117863493398851,
820.83905,0.116100876647897,
821.12665,0.113935546781641,
821.41431,0.113432454136115,
821.7019,0.112685582631473,
821.9895,0.111551532938826,
822.2771,0.110568052541514,
822.5647,0.1106301922507,
822.85229,0.109249973710123,
823.13989,0.108068124241179,
823.42749,0.107698870969284,
823.71509,0.105963739089701,
824.00269,0.104388736460713,
824.29022,0.103873693871113,
824.57782,0.103562995325182,
824.86542,0.102922478322801,
825.15295,0.101466975134556,
825.44055,0.10011902144298,
825.72809,0.0986061585231781,
826.01562,0.0974661338584936,
826.30322,0.0970227909333384,
826.59076,0.0964037838302917,
826.8783,0.0955266579352409,
827.16583,0.0954788581589438,
827.45337,0.0952709291320517,
827.74091,0.0931067942602029,
828.02844,0.0925331969446383,
828.31598,0.0915819813963271,
828.60352,0.0899818838847834,
828.89105,0.0893533168264773,
829.17853,0.0884367561159814,
829.46606,0.0875190004110781,
829.7536,0.0863801707408009,
830.04108,0.0855353096947506,
830.32861,0.084484909610623,
830.61609,0.0837356481171668,
830.90363,0.0833675898396796,
831.1911,0.082810722445819,
831.47858,0.0821176256895118,
831.76605,0.0817280575126908,
832.05353,0.0813599992352036,
832.341,0.0803084041566686,
832.62848,0.0802904792405572,
832.91595,0.0789222106440542,
833.20343,0.0788349760523121,
833.49091,0.0776722464938864,
833.77838,0.0770974541839144,
834.06586,0.0770365094691357,
834.35327,0.0760817089376022,
834.64075,0.0752093630201811,
834.92816,0.0748472797147309,
835.21564,0.0742055677179431,
835.50305,0.0735339808609696,
835.79053,0.0737813447033068,
836.07794,0.0728420790990698,
836.36536,0.0725684253797692,
836.65283,0.0711057522250796,
836.94025,0.0713853809164173,
837.22766,0.0703039109776966,
837.51508,0.0695415045457587,
837.80249,0.0689834421574907,
838.0899,0.0686333087961148,
838.37726,0.0688675276999704,
838.66467,0.0694148351385716,
838.95209,0.0684134298251484,
839.2395,0.0672351653394262,
839.52686,0.0667954073974934,
839.81427,0.0673104499870941,
840.10162,0.0670308212957563,
840.38904,0.0664082292094873,
840.67639,0.0660282209879258,
840.96375,0.0658955766087015,
841.25116,0.0654104088792865,
841.53851,0.0653972639408048,
841.82587,0.0643181839908989,
842.11322,0.0643671787616034,
842.40057,0.0637577316138161,
842.68793,0.0636191122625546,
842.97528,0.0632546389682896,
843.26263,0.0629355754615068,
843.54993,0.0624324828159804,
843.83728,0.0614227125417053,
844.12463,0.0603711174631703,
844.41193,0.0610259743984398,
844.69928,0.0614083726088162,
844.98657,0.0609650296836611,
845.27393,0.0601440685257593,
845.56122,0.0599934992304236,
845.84851,0.059590786115121,
846.1358,0.058603720734587,
846.42316,0.0590458686653347,
846.71045,0.0585164861428449,
846.99774,0.0586073057178092,
847.28503,0.0583157270823973,
847.57233,0.0583336519985087,
847.85962,0.0570478380161181,
848.14685,0.0564885806334426,
848.43414,0.0563965660640708,
848.72144,0.0552780512987199,
849.00867,0.055034272439605,
849.29596,0.0550964121487912,
849.58319,0.053674368803954,
849.87048,0.0533529153083564,
850.15771,0.0529310822825349,
850.44501,0.0525176142175655,
850.73224,0.0526681835129012,
851.01947,0.0520121315832242,
851.3067,0.0519774767454088,
851.59393,0.0512497251512863,
851.88116,0.0508972018010956,
852.1684,0.05013838035238,
852.45563,0.0503188245079013,
852.74286,0.0488860262133973,
853.03009,0.048672122214468,
853.31726,0.0489876007380285,
853.60449,0.0482012944179421,
853.89172,0.047783046375343,
854.17889,0.0468342208158466,
854.46613,0.0458782252899057,
854.7533,0.0462498685506152,
855.04047,0.044990344445188,
855.3277,0.0443044176553254,
855.61487,0.0443091976329551,
855.90204,0.0438049099930212,
856.18921,0.0430652084548244,
856.47638,0.0428716193608214,
856.76355,0.0421952525262182,
857.05072,0.0409261684655316,
857.33789,0.0403943959542269,
857.62506,0.0401446421230749,
857.91223,0.0396953242258826,
858.19934,0.0393284609428028,
858.48651,0.0393356309092473,
858.77362,0.0384381901092703,
859.06079,0.0381860462893034,
859.3479,0.0368679674579123,
859.63507,0.0364019196390161,
859.92218,0.0358749271053411,
860.20929,0.0352559200022944,
860.4964,0.034654837815359,
860.78357,0.0340764605221648,
861.07068,0.0338768964561246,
861.35779,0.0333606588721165,
861.6449,0.0326281273003642,
861.93195,0.0319135206447234,
862.21906,0.030947965163523,
862.50616,0.0308643155550032,
862.79327,0.0306551915337036,
863.08032,0.0299178799843217,
863.36743,0.0291817634293472,
863.65448,0.0286356509851534,
863.94159,0.0285352714549296,
864.22864,0.0281050734682562,
864.51575,0.0280034989436249,
864.8028,0.0274334866112827,
865.08984,0.0269614638203493,
865.37689,0.0261799374778926,
865.66394,0.0253494163647314,
865.95099,0.025250231828915,
866.23804,0.0247316042560921,
866.52509,0.0243587660009751,
866.81213,0.0243563760121603,
867.09918,0.0232235213139203,
867.38617,0.0231769165320306,
867.67322,0.0227694234390983,
867.96021,0.0225411795072799,
868.24725,0.0218062579467128,
868.53424,0.0221647562689407,
868.82129,0.0221647562689407,
869.10828,0.0211932258157032,
869.39526,0.0208896972362169,
869.68231,0.0200400562125369,
869.9693,0.0198118122807185,
870.25629,0.0193517394338595,
870.54327,0.0192465799260059,
870.83026,0.0188474517939256,
871.11725,0.0185415332256245,
871.40417,0.0184339837289562,
871.69116,0.0181663049816927,
871.97815,0.0178496314637248,
872.26514,0.0179954207814307,
872.55206,0.0173835836448285,
872.83905,0.0175150330296454,
873.12598,0.0168864659713393,
873.4129,0.0164490980182213,
873.69989,0.0167251417263367,
873.98682,0.0161527394051796,
874.27374,0.0162734338403296,
874.56067,0.0156663766813571,
874.8476,0.0155648021567259,
875.13452,0.0152923434318327,
875.42145,0.0155110274083917,
875.70837,0.0151071192986817,
875.9953,0.0149075552326415,
876.28223,0.0147534009540835,
876.56915,0.0141582937391853,
876.85602,0.0139192948577001,
877.14294,0.0136599810712886,
877.42981,0.0136384711719549,
877.71674,0.01323217307343,
878.0036,0.0133923023240251,
878.29047,0.0131365735208359,
878.57739,0.0130397789738344,
878.86426,0.0129824192422779,
879.15112,0.0125438562947525,
879.43799,0.0122379377264514,
879.72485,0.012009693794633,
880.01172,0.0119200692140761,
880.29858,0.0116631454164795,
880.58545,0.011678680343776,
880.87225,0.011378736747512,
881.15912,0.0111803676758793,
881.44598,0.0107633146276875,
881.73279,0.0106605451086489,
882.01965,0.0105040008412761,
882.30646,0.0100690228769729,
882.59326,0.00966630976167032,
882.88013,0.00965913979522576,
883.16693,0.00958505014196534,
883.45374,0.00896365305010373,
883.74054,0.0087342141238779,
884.02734,0.0086015697446536,
884.31415,0.00842949054998423,
884.60095,0.00795268778142118,
884.88776,0.00778299857556667,
885.17456,0.00770651893349139,
885.4613,0.00707078190874067,
885.74811,0.00711380170740801,
886.03491,0.00689631272525645,
886.32166,0.00638007514124834,
886.60846,0.00631196046002505,
886.8952,0.00602157681902049,
887.18195,0.0058076728200912,
887.46875,0.00556747894419854,
887.75549,0.00525080542623061,
888.04224,0.00502256149441221,
888.32898,0.00478236761851955,
888.61572,0.00448600900547785,
888.90247,0.00446688909495904,
889.18921,0.00416694549869507,
889.47595,0.00375945240576274,
889.76263,0.0037893272659484,
890.04938,0.00363517298739042,
890.33612,0.00336868923453438,
890.6228,0.00315000525797539,
890.90955,0.00282974675678518,
891.19623,0.00287993652189708,
891.48297,0.0026206227354856,
891.76965,0.00249873330592813,
892.05634,0.00233143408888846,
892.34302,0.00225017446918348,
892.6297,0.00199922564362399,
892.91638,0.0017530567956942,
893.20306,0.00169928204736002,
893.48975,0.0016072674779882,
893.77643,0.00139097349024407,
894.06311,0.00134436870835445,
894.34979,0.00131090886494651,
894.63641,0.00108505492194297,
894.9231,0.00108624991635039,
895.20972,8.75930900643385E-4,
895.4964,7.97061269753258E-4,
895.78302,6.44101985602707E-4,
896.0697,5.30577516897221E-4,
896.35632,5.01897651118993E-4,
896.64294,4.74412779748191E-4,
896.92957,4.26613003451144E-4,
897.21619,4.03908109710047E-4,
897.50281,4.55292869229372E-4,
897.78943,4.34977964303127E-4,
898.07605,3.69253271894688E-4,
898.36267,4.48122902784815E-4,
898.64923,3.76423238339245E-4,
898.93585,4.57682858044224E-4,
899.22247,3.81203215968949E-4,
899.50903,3.60888311042704E-4,
899.79565,4.03908109710047E-4,
900.08221,3.72838255116966E-4,
900.36884,4.82777740600174E-4,
900.6554,3.77618232746671E-4,
900.94196,4.13468064969456E-4,
901.22852,3.36988422894181E-4,
901.51508,4.33782969895701E-4,
901.80164,4.46927908377389E-4,
902.0882,3.9673814326549E-4,
902.37476,3.94348154450637E-4,
902.66132,3.50133361375869E-4,
902.94788,4.19443037006587E-4,
903.23438,3.07113562708527E-4,
903.52094,3.02333585078822E-4,
903.80743,2.72458724893168E-4,
904.09399,4.18248042599161E-4,
904.38049,4.1227307056203E-4,
904.66705,4.5290288041452E-4,
904.95355,4.14663059376882E-4,
905.24005,3.57303327820426E-4,
905.52655,3.14283529153084E-4,
905.81305,3.81203215968949E-4,
906.09961,3.45353383746164E-4,
906.38605,3.76423238339245E-4,
906.67255,3.85983193598654E-4,
906.95905,4.01518120895194E-4,
907.24554,3.48938366968443E-4,
907.53204,3.89568176820932E-4,
907.81848,3.9673814326549E-4,
908.10498,4.45732913969963E-4,
908.39142,4.69632802118486E-4,
908.67792,3.48938366968443E-4,
908.96436,4.06298098524899E-4,
909.25079,3.59693316635278E-4,
909.53729,4.05103104117473E-4,
909.82373,2.80823685745151E-4,
910.11017,3.21453495597641E-4,
910.39661,4.0271311530262E-4,
910.68304,2.33023909448104E-4,
910.96948,4.42147930747684E-4,
911.25592,3.83593204783802E-4,
911.5423,3.1547852356051E-4,
911.82874,2.87993652189708E-4,
912.11517,3.11893540338231E-4,
912.40155,3.03528579486248E-4,
912.68799,2.68873741670889E-4,
912.97437,3.62083305450131E-4,
913.26074,3.60888311042704E-4,
913.54718,2.82018680152577E-4,
913.83356,3.59693316635278E-4,
914.11993,3.3101345085705E-4,
914.40631,2.83213674560003E-4,
914.69269,3.02333585078822E-4,
914.97906,3.26233473227345E-4,
915.26544,3.48938366968443E-4,
915.55182,3.03528579486248E-4,
915.8382,3.65668288672409E-4,
916.12451,2.95163618634265E-4,
916.41089,3.27428467634772E-4,
916.69727,3.95543148858063E-4,
916.98358,3.32208445264476E-4,
917.2699,3.38183417301607E-4,
917.55627,2.66483752856037E-4,
917.84259,3.22648490005067E-4,
918.12891,3.02333585078822E-4,
918.41522,4.38562947525406E-4,
918.7016,2.82018680152577E-4,
918.98792,3.76423238339245E-4,
919.27417,3.17868512375362E-4,
919.56049,3.59693316635278E-4,
919.8468,3.23843484412493E-4,
920.13312,3.04723573893674E-4,
920.41943,3.40573406116459E-4,
920.70569,3.62083305450131E-4,
920.992,3.45353383746164E-4,
921.27826,2.7484871370802E-4,
921.56458,2.93968624226839E-4,
921.85083,2.83213674560003E-4,
922.13708,3.78813227154097E-4,
922.42334,2.64093764041184E-4,
922.70966,3.11893540338231E-4,
922.99591,2.53338814374349E-4,
923.28217,2.9994359626397E-4,
923.56842,3.07113562708527E-4,
923.85461,3.27428467634772E-4,
924.14087,3.20258501190214E-4,
924.42712,3.47743372561016E-4,
924.71338,3.09503551523379E-4,
924.99957,4.0271311530262E-4,
925.28583,2.92773629819412E-4,
925.57202,2.78433696930298E-4,
925.85828,3.25038478819919E-4,
926.14447,3.52523350190721E-4,
926.43066,3.95543148858063E-4,
926.71686,3.25038478819919E-4,
927.00305,3.58498322227852E-4,
927.28925,3.52523350190721E-4,
927.57544,2.9994359626397E-4,
927.86163,3.14283529153084E-4,
928.14783,3.01138590671396E-4,
928.43402,3.3101345085705E-4,
928.72021,3.25038478819919E-4,
929.00635,2.95163618634265E-4,
929.29254,3.32208445264476E-4,
929.57867,3.059185683011E-4,
929.86487,2.97553607449117E-4,
930.151,2.80823685745151E-4,
930.43713,2.19878970966416E-4,
930.72333,3.47743372561016E-4,
931.00946,3.20258501190214E-4,
931.29559,3.69253271894688E-4,
931.58173,3.53718344598147E-4,
931.86786,3.10698545930805E-4,
932.15399,3.44158389338738E-4,
932.44006,3.70448266302114E-4,
932.7262,3.07113562708527E-4,
933.01233,3.56108333413E-4,
933.2984,3.059185683011E-4,
933.58453,2.6528875844861E-4,
933.87061,2.84408668967429E-4,
934.15674,3.28623462042198E-4,
934.44281,3.9673814326549E-4,
934.72888,2.0912402129958E-4,
935.01501,2.98748601856543E-4,
935.30109,3.20258501190214E-4,
935.58716,3.42963394931312E-4,
935.87323,3.29818456449624E-4,
936.1593,3.63278299857557E-4,
936.44531,2.91578635411986E-4,
936.73138,3.4654837815359E-4,
937.01746,3.54913339005574E-4,
937.30353,3.13088534745657E-4,
937.58954,2.92773629819412E-4,
937.87561,3.41768400523886E-4,
938.16162,2.97553607449117E-4,
938.44763,2.70068736078315E-4,
938.7337,3.10698545930805E-4,
939.01971,2.98748601856543E-4,
939.30573,3.54913339005574E-4,
939.59174,2.86798657782282E-4,
939.87775,2.98748601856543E-4,
940.16376,2.98748601856543E-4,
940.44977,3.83593204783802E-4,
940.73578,3.10698545930805E-4,
941.02173,3.3101345085705E-4,
941.30774,4.38562947525406E-4,
941.59375,3.44158389338738E-4,
941.8797,2.78433696930298E-4,
942.16571,3.059185683011E-4,
942.45166,2.44973853522366E-4,
942.73761,1.15914457520339E-4,
943.02356,3.3101345085705E-4,
943.30957,3.84788199191228E-4,
943.59552,3.03528579486248E-4,
943.88147,2.31828915040678E-4,
944.16742,3.33403439671902E-4,
944.45337,2.47363842337218E-4,
944.73926,2.3421890385553E-4,
945.02521,3.36988422894181E-4,
945.31116,2.86798657782282E-4,
945.59705,1.87614121965909E-4,
945.883,2.76043708115446E-4,
946.16888,3.57303327820426E-4,
946.45483,3.39378411709033E-4,
946.74072,3.75228243931818E-4,
947.02661,3.14283529153084E-4,
947.31256,3.059185683011E-4,
947.59845,3.03528579486248E-4,
947.88434,3.28623462042198E-4,
948.17023,2.56923797596627E-4,
948.45612,3.39378411709033E-4,
948.74194,3.59693316635278E-4,
949.02783,3.48938366968443E-4,
949.31372,1.9358909400304E-4,
949.59961,4.01518120895194E-4,
949.88544,3.69253271894688E-4,
950.17133,4.19443037006587E-4,
950.45715,3.95543148858063E-4,
950.74298,4.13468064969456E-4,
951.02887,3.68058277487261E-4,
951.3147,3.33403439671902E-4,
951.60052,3.13088534745657E-4,
951.88635,2.84408668967429E-4,
952.17218,3.28623462042198E-4,
952.45801,3.27428467634772E-4,
952.74384,3.8717818800608E-4,
953.0296,3.03528579486248E-4,
953.31543,3.38183417301607E-4,
953.60126,3.39378411709033E-4,
953.88702,3.28623462042198E-4,
954.17285,2.9038364100456E-4,
954.45862,3.90763171228359E-4,
954.74438,3.40573406116459E-4,
955.03021,3.28623462042198E-4,
955.31598,3.95543148858063E-4,
955.60175,2.84408668967429E-4,
955.88751,3.62083305450131E-4,
956.17328,3.36988422894181E-4,
956.45905,3.57303327820426E-4,
956.74481,3.22648490005067E-4,
957.03058,2.9994359626397E-4,
957.31628,3.62083305450131E-4,
957.60205,3.54913339005574E-4,
957.88782,2.42583864707513E-4,
958.17352,3.70448266302114E-4,
958.45923,3.21453495597641E-4,
958.745,3.51328355783295E-4,
959.0307,2.60508780818906E-4,
959.31641,2.96358613041691E-4,
959.60211,3.35793428486755E-4,
959.88782,2.72458724893168E-4,
960.17352,3.51328355783295E-4,
960.45923,2.9038364100456E-4,
960.74493,2.86798657782282E-4,
961.03064,2.93968624226839E-4,
961.31635,3.35793428486755E-4,
961.60199,2.9994359626397E-4,
961.8877,3.14283529153084E-4,
962.17334,4.09883081747177E-4,
962.45905,3.27428467634772E-4,
962.74469,2.47363842337218E-4,
963.03033,3.27428467634772E-4,
963.31598,3.14283529153084E-4,
963.60168,3.1547852356051E-4,
963.88733,2.87993652189708E-4,
964.17297,2.33023909448104E-4,
964.45856,2.55728803189201E-4,
964.7442,3.03528579486248E-4,
965.02985,3.25038478819919E-4,
965.31549,2.37803887077808E-4,
965.60107,2.50948825559496E-4,
965.88672,3.26233473227345E-4,
966.1723,2.60508780818906E-4,
966.45795,2.46168847929792E-4,
966.74353,2.66483752856037E-4,
967.02911,3.09503551523379E-4,
967.3147,3.25038478819919E-4,
967.60034,2.64093764041184E-4,
967.88593,3.22648490005067E-4,
968.17151,2.72458724893168E-4,
968.45703,2.53338814374349E-4,
968.74261,2.3421890385553E-4,
969.0282,3.04723573893674E-4,
969.31378,3.27428467634772E-4,
969.5993,2.70068736078315E-4,
969.88489,2.9038364100456E-4,
970.17041,2.9994359626397E-4,
970.45599,2.24658948596121E-4,
970.74152,3.23843484412493E-4,
971.02704,3.20258501190214E-4,
971.31256,2.04344043669876E-4,
971.59808,2.76043708115446E-4,
971.88361,2.46168847929792E-4,
972.16913,3.38183417301607E-4,
972.45465,2.30633920633251E-4,
972.74017,2.87993652189708E-4,
973.0257,2.96358613041691E-4,
973.31116,2.54533808781775E-4,
973.59668,2.3421890385553E-4,
973.88214,3.33403439671902E-4,
974.16766,2.83213674560003E-4,
974.45312,2.04344043669876E-4,
974.73865,2.9038364100456E-4,
975.02411,2.25853943003547E-4,
975.30957,2.12709004521859E-4,
975.59503,3.13088534745657E-4,
975.88049,2.89188646597134E-4,
976.16595,1.6251923940996E-4,
976.45142,3.16673517967936E-4,
976.73682,2.40193875892661E-4,
977.02228,2.64093764041184E-4,
977.30774,2.28243931818399E-4,
977.59314,3.11893540338231E-4,
977.8786,3.39378411709033E-4,
978.164,2.23463954188694E-4,
978.44946,1.41009340076288E-4,
978.73486,2.56923797596627E-4,
979.02026,2.85603663374855E-4,
979.30566,2.48558836744644E-4,
979.59106,2.78433696930298E-4,
979.87646,1.48179306520845E-4,
980.16187,2.67678747263463E-4,
980.44727,2.38998881485235E-4,
980.7326,2.76043708115446E-4,
981.01801,2.30633920633251E-4,
981.30341,2.53338814374349E-4,
981.58875,2.42583864707513E-4,
981.87415,1.9358909400304E-4,
982.15948,2.16293987744137E-4,
982.44482,1.9358909400304E-4,
982.73022,2.04344043669876E-4,
983.01556,1.79249161113926E-4,
983.3009,2.5931378641148E-4,
983.58624,1.66104222632238E-4,
983.87158,2.64093764041184E-4,
984.15692,2.38998881485235E-4,
984.4422,1.82834144336205E-4,
984.72754,2.83213674560003E-4,
985.01288,2.05539038077302E-4,
985.29816,1.74469183484221E-4,
985.5835,2.30633920633251E-4,
985.86877,1.48179306520845E-4,
986.15405,1.98369071632745E-4,
986.43939,1.64909228224812E-4,
986.72467,1.79249161113926E-4,
987.00995,2.25853943003547E-4,
987.29523,2.73653719300594E-4,
987.58051,1.74469183484221E-4,
987.86578,1.88809116373335E-4,
988.15106,3.3101345085705E-4,
988.43628,2.19878970966416E-4,
988.72156,2.24658948596121E-4,
989.00684,2.37803887077808E-4,
989.29205,1.70884200261943E-4,
989.57733,2.22268959781268E-4,
989.86255,1.72079194669369E-4,
990.14777,2.68873741670889E-4,
990.43298,1.98369071632745E-4,
990.7182,2.04344043669876E-4,
991.00348,2.29438926225825E-4,
991.2887,2.73653719300594E-4,
991.57385,2.35413898262956E-4,
991.85907,2.29438926225825E-4,
992.14429,2.01954054855023E-4,
992.4295,2.03149049262449E-4,
992.71466,1.6849421144709E-4,
992.99988,1.1232947429806E-4,
993.28503,1.66104222632238E-4,
993.57025,1.49374300928272E-4,
993.85541,1.15914457520339E-4,
994.14056,2.16293987744137E-4,
,,
,,
Date and Time:                Wed Apr 18 12:58:09 2018,,
Software Version:             4.24.30004.0,,
Unstabilized Temperature (C): -14.667,,
Model:                        DH740_18mm,,
Data Type:                    Counts (Bg Corrected),,
Acquisition Mode:             Accumulate,,
Trigger Mode:                 Internal,,
Exposure Time (secs):         0.25,,
Accumulate Cycle Time (secs): 0.293,,
Frequency (Hz):               3.413,,
Number of Accumulations:      40,,
Readout Mode:                 Full Vertical Binning,,
Horizontal binning:           1,,
Vertical Shift Speed (usecs): 16,,
Pixel Readout Time (usecs):   16,,
Serial Number:                3916,,
Intelligate:                  off,,
Insertion delay:              ultra fast,,
Gain level:                   0,,
Integrate on chip:            off,,
Gate Mode:                    CW on,,
Gate Width (nsecs):           1e+08,,
Gate Delay (nsecs):           1890,,
Spurious Noise Filter Mode:   No Filter,,
Photon counted:               false,,
Data Averaging Filter Mode:   No Filter,,
SR303i:,,
Wavelength (nm):              700.04,,
Grating Groove Density (l/mm):150,,
Grating Blaze:                5000,,
Output Flipper Port:          Direct,,
Input Side Slit Width (um):   1000,,
